time_utc,t,p
2026-02-01 04:00:00,1769921712.0,0.0005
2025-11-18 18:00:00,1763492345.0,0.495
2025-11-18 19:00:00,1763492407.0,0.495
2025-11-18 20:00:00,1763496008.0,0.01
2025-11-18 21:00:00,1763499608.0,0.006
2025-11-18 22:00:00,1763503207.0,0.0065
2025-11-18 23:00:00,1763506822.0,0.006
2025-11-19 00:00:00,1763510407.0,0.005
2025-11-19 01:00:00,1763514008.0,0.0045
2025-11-19 02:00:00,1763517607.0,0.004
2025-11-19 03:00:00,1763521207.0,0.0045
2025-11-19 04:00:00,1763524807.0,0.0125
2025-11-19 05:00:00,1763528407.0,0.015
2025-11-19 06:00:00,1763532007.0,0.0135
2025-11-19 07:00:00,1763535607.0,0.0205
2025-11-19 08:00:00,1763539208.0,0.0195
2025-11-19 09:00:00,1763542807.0,0.019
2025-11-19 10:00:00,1763546407.0,0.012
2025-11-19 11:00:00,1763550007.0,0.015
2025-11-19 12:00:00,1763553608.0,0.01
2025-11-19 13:00:00,1763557206.0,0.004
2025-11-19 14:00:00,1763560819.0,0.0035
2025-11-19 15:00:00,1763564407.0,0.0035
2025-11-19 16:00:00,1763568019.0,0.0035
2025-11-19 17:00:00,1763571607.0,0.0035
2025-11-19 18:00:00,1763575214.0,0.0035
2025-11-19 19:00:00,1763578807.0,0.0135
2025-11-19 20:00:00,1763582406.0,0.0145
2025-11-19 21:00:00,1763586007.0,0.014
2025-11-19 22:00:00,1763589607.0,0.0135
2025-11-19 23:00:00,1763593222.0,0.011
2025-11-20 00:00:00,1763596806.0,0.0095
2025-11-20 01:00:00,1763600406.0,0.0055
2025-11-20 02:00:00,1763604006.0,0.0055
2025-11-20 03:00:00,1763607607.0,0.0055
2025-11-20 04:00:00,1763611207.0,0.0055
2025-11-20 05:00:00,1763614806.0,0.0055
2025-11-20 06:00:00,1763618407.0,0.0055
2025-11-20 07:00:00,1763622013.0,0.0055
2025-11-20 08:00:00,1763625607.0,0.0035
2025-11-20 09:00:00,1763629207.0,0.005
2025-11-20 10:00:00,1763632806.0,0.005
2025-11-20 11:00:00,1763636407.0,0.0125
2025-11-20 12:00:00,1763640006.0,0.007
2025-11-20 13:00:00,1763643605.0,0.013
2025-11-20 14:00:00,1763647205.0,0.0105
2025-11-20 15:00:00,1763650805.0,0.015
2025-11-20 16:00:00,1763654406.0,0.021
2025-11-20 17:00:00,1763658006.0,0.023
2025-11-20 18:00:00,1763661606.0,0.0195
2025-11-20 19:00:00,1763665206.0,0.021
2025-11-20 20:00:00,1763668807.0,0.021
2025-11-20 21:00:00,1763672407.0,0.0155
2025-11-20 22:00:00,1763676021.0,0.015
2025-11-20 23:00:00,1763679607.0,0.009
2025-11-21 00:00:00,1763683207.0,0.009
2025-11-21 01:00:00,1763686806.0,0.009
2025-11-21 02:00:00,1763690405.0,0.009
2025-11-21 03:00:00,1763694006.0,0.009
2025-11-21 04:00:00,1763697619.0,0.009
2025-11-21 05:00:00,1763701212.0,0.009
2025-11-21 06:00:00,1763704806.0,0.0095
2025-11-21 07:00:00,1763708406.0,0.0095
2025-11-21 08:00:00,1763712005.0,0.0095
2025-11-21 09:00:00,1763715605.0,0.009
2025-11-21 10:00:00,1763719205.0,0.0095
2025-11-21 11:00:00,1763722806.0,0.0095
2025-11-21 12:00:00,1763726406.0,0.008
2025-11-21 13:00:00,1763730020.0,0.008
2025-11-21 14:00:00,1763733606.0,0.008
2025-11-21 15:00:00,1763737206.0,0.008
2025-11-21 16:00:00,1763740807.0,0.008
2025-11-21 17:00:00,1763744408.0,0.008
2025-11-21 18:00:00,1763748006.0,0.008
2025-11-21 19:00:00,1763751606.0,0.0085
2025-11-21 20:00:00,1763755207.0,0.0085
2025-11-21 21:00:00,1763758806.0,0.0085
2025-11-21 22:00:00,1763762406.0,0.008
2025-11-21 23:00:00,1763766012.0,0.008
2025-11-22 00:00:00,1763769607.0,0.008
2025-11-22 01:00:00,1763773206.0,0.008
2025-11-22 02:00:00,1763776806.0,0.008
2025-11-22 03:00:00,1763780406.0,0.007
2025-11-22 04:00:00,1763784022.0,0.007
2025-11-22 05:00:00,1763787613.0,0.0065
2025-11-22 06:00:00,1763791208.0,0.008
2025-11-22 07:00:00,1763794805.0,0.011
2025-11-22 08:00:00,1763798405.0,0.006
2025-11-22 09:00:00,1763802007.0,0.0065
2025-11-22 10:00:00,1763805606.0,0.0065
2025-11-22 11:00:00,1763809206.0,0.0075
2025-11-22 12:00:00,1763812807.0,0.007
2025-11-22 13:00:00,1763816419.0,0.0075
2025-11-22 14:00:00,1763820006.0,0.008
2025-11-22 15:00:00,1763823606.0,0.009
2025-11-22 16:00:00,1763827206.0,0.009
2025-11-22 17:00:00,1763830808.0,0.0115
2025-11-22 18:00:00,1763834406.0,0.0115
2025-11-22 19:00:00,1763838006.0,0.0115
2025-11-22 20:00:00,1763841607.0,0.0115
2025-11-22 21:00:00,1763845207.0,0.0115
2025-11-22 22:00:00,1763848805.0,0.012
2025-11-22 23:00:00,1763852406.0,0.012
2025-11-23 00:00:00,1763856006.0,0.012
2025-11-23 01:00:00,1763859619.0,0.0095
2025-11-23 02:00:00,1763863206.0,0.01
2025-11-23 03:00:00,1763866807.0,0.011
2025-11-23 04:00:00,1763870406.0,0.011
2025-11-23 05:00:00,1763874005.0,0.0115
2025-11-23 06:00:00,1763877606.0,0.011
2025-11-23 07:00:00,1763881205.0,0.011
2025-11-23 08:00:00,1763884805.0,0.011
2025-11-23 09:00:00,1763888406.0,0.0105
2025-11-23 10:00:00,1763892005.0,0.0095
2025-11-23 11:00:00,1763895605.0,0.0095
2025-11-23 12:00:00,1763899206.0,0.01
2025-11-23 13:00:00,1763902805.0,0.01
2025-11-23 14:00:00,1763906406.0,0.0095
2025-11-23 15:00:00,1763910006.0,0.01
2025-11-23 16:00:00,1763913605.0,0.01
2025-11-23 17:00:00,1763917213.0,0.0105
2025-11-23 18:00:00,1763920806.0,0.008
2025-11-23 19:00:00,1763924406.0,0.008
2025-11-23 20:00:00,1763928006.0,0.01
2025-11-23 21:00:00,1763931622.0,0.0125
2025-11-23 22:00:00,1763935205.0,0.01
2025-11-23 23:00:00,1763938805.0,0.01
2025-11-24 00:00:00,1763942409.0,0.01
2025-11-24 01:00:00,1763946006.0,0.01
2025-11-24 02:00:00,1763949605.0,0.009
2025-11-24 03:00:00,1763953205.0,0.009
2025-11-24 04:00:00,1763956805.0,0.009
2025-11-24 05:00:00,1763960405.0,0.008
2025-11-24 06:00:00,1763964006.0,0.008
2025-11-24 07:00:00,1763967605.0,0.008
2025-11-24 08:00:00,1763971205.0,0.0075
2025-11-24 09:00:00,1763974805.0,0.007
2025-11-24 10:00:00,1763978405.0,0.0065
2025-11-24 11:00:00,1763982005.0,0.007
2025-11-24 12:00:00,1763985605.0,0.007
2025-11-24 13:00:00,1763989205.0,0.007
2025-11-24 14:00:00,1763992806.0,0.007
2025-11-24 15:00:00,1763996405.0,0.007
2025-11-24 16:00:00,1764000005.0,0.004
2025-11-24 17:00:00,1764003607.0,0.0045
2025-11-24 18:00:00,1764007206.0,0.0055
2025-11-24 19:00:00,1764010806.0,0.004
2025-11-24 20:00:00,1764014406.0,0.004
2025-11-24 21:00:00,1764018007.0,0.004
2025-11-24 22:00:00,1764021607.0,0.0035
2025-11-24 23:00:00,1764025207.0,0.0035
2025-11-25 00:00:00,1764028807.0,0.0035
2025-11-25 01:00:00,1764032407.0,0.0035
2025-11-25 02:00:00,1764036006.0,0.0035
2025-11-25 03:00:00,1764039607.0,0.0035
2025-11-25 04:00:00,1764043207.0,0.0035
2025-11-25 05:00:00,1764046807.0,0.0035
2025-11-25 06:00:00,1764050407.0,0.0035
2025-11-25 07:00:00,1764054007.0,0.0035
2025-11-25 08:00:00,1764057607.0,0.0035
2025-11-25 09:00:00,1764061207.0,0.0035
2025-11-25 10:00:00,1764064807.0,0.0035
2025-11-25 11:00:00,1764068407.0,0.0035
2025-11-25 12:00:00,1764072007.0,0.003
2025-11-25 13:00:00,1764075607.0,0.003
2025-11-25 14:00:00,1764079207.0,0.003
2025-11-25 15:00:00,1764082807.0,0.003
2025-11-25 16:00:00,1764086407.0,0.0025
2025-11-25 17:00:00,1764090007.0,0.0025
2025-11-25 18:00:00,1764093607.0,0.002
2025-11-25 19:00:00,1764097207.0,0.0015
2025-11-25 20:00:00,1764100808.0,0.0015
2025-11-25 21:00:00,1764104408.0,0.0015
2025-11-25 22:00:00,1764108007.0,0.0015
2025-11-25 23:00:00,1764111607.0,0.0005
2025-11-26 00:00:00,1764115207.0,0.0005
2025-11-26 01:00:00,1764118807.0,0.0005
2025-11-26 02:00:00,1764122407.0,0.0005
2025-11-26 03:00:00,1764126008.0,0.0005
2025-11-26 04:00:00,1764129607.0,0.0005
2025-11-26 05:00:00,1764133207.0,0.0005
2025-11-26 06:00:00,1764136819.0,0.0005
2025-11-26 07:00:00,1764140407.0,0.001
2025-11-26 08:00:00,1764144011.0,0.001
2025-11-26 09:00:00,1764147607.0,0.001
2025-11-26 10:00:00,1764151207.0,0.001
2025-11-26 11:00:00,1764154807.0,0.0005
2025-11-26 12:00:00,1764158421.0,0.0005
2025-11-26 13:00:00,1764162007.0,0.0005
2025-11-26 14:00:00,1764165608.0,0.0005
2025-11-26 15:00:00,1764169207.0,0.0005
2025-11-26 16:00:00,1764172807.0,0.0005
2025-11-26 17:00:00,1764176408.0,0.0005
2025-11-26 18:00:00,1764180007.0,0.0005
2025-11-26 19:00:00,1764183608.0,0.0005
2025-11-26 20:00:00,1764187207.0,0.001
2025-11-26 21:00:00,1764190808.0,0.001
2025-11-26 22:00:00,1764194407.0,0.001
2025-11-26 23:00:00,1764198007.0,0.001
2025-11-27 00:00:00,1764201607.0,0.001
2025-11-27 01:00:00,1764205218.0,0.001
2025-11-27 02:00:00,1764208807.0,0.001
2025-11-27 03:00:00,1764212407.0,0.001
2025-11-27 04:00:00,1764216007.0,0.001
2025-11-27 05:00:00,1764219607.0,0.001
2025-11-27 06:00:00,1764223208.0,0.001
2025-11-27 07:00:00,1764226807.0,0.001
2025-11-27 08:00:00,1764230407.0,0.001
2025-11-27 09:00:00,1764234007.0,0.0005
2025-11-27 10:00:00,1764237608.0,0.0005
2025-11-27 11:00:00,1764241207.0,0.0005
2025-11-27 12:00:00,1764244809.0,0.001
2025-11-27 13:00:00,1764248407.0,0.001
2025-11-27 14:00:00,1764252007.0,0.001
2025-11-27 15:00:00,1764255607.0,0.001
2025-11-27 16:00:00,1764259207.0,0.001
2025-11-27 17:00:00,1764262808.0,0.001
2025-11-27 18:00:00,1764266408.0,0.001
2025-11-27 19:00:00,1764270007.0,0.001
2025-11-27 20:00:00,1764273608.0,0.001
2025-11-27 21:00:00,1764277208.0,0.001
2025-11-27 22:00:00,1764280808.0,0.001
2025-11-27 23:00:00,1764284408.0,0.001
2025-11-28 00:00:00,1764288008.0,0.001
2025-11-28 01:00:00,1764291608.0,0.001
2025-11-28 02:00:00,1764295207.0,0.0005
2025-11-28 03:00:00,1764298807.0,0.0005
2025-11-28 04:00:00,1764302407.0,0.0005
2025-11-28 05:00:00,1764306007.0,0.0005
2025-11-28 06:00:00,1764309607.0,0.0005
2025-11-28 07:00:00,1764313208.0,0.0005
2025-11-28 08:00:00,1764316807.0,0.0005
2025-11-28 09:00:00,1764320408.0,0.0005
2025-11-28 10:00:00,1764324007.0,0.0005
2025-11-28 11:00:00,1764327607.0,0.0005
2025-11-28 12:00:00,1764331208.0,0.0005
2025-11-28 13:00:00,1764334807.0,0.0005
2025-11-28 14:00:00,1764338408.0,0.0005
2025-11-28 15:00:00,1764342008.0,0.0005
2025-11-28 16:00:00,1764345621.0,0.0005
2025-11-28 17:00:00,1764349208.0,0.0005
2025-11-28 18:00:00,1764352807.0,0.0005
2025-11-28 19:00:00,1764356407.0,0.0005
2025-11-28 20:00:00,1764360007.0,0.0005
2025-11-28 21:00:00,1764363610.0,0.0005
2025-11-28 22:00:00,1764367210.0,0.0005
2025-11-28 23:00:00,1764370807.0,0.0005
2025-11-29 00:00:00,1764374408.0,0.0005
2025-11-29 01:00:00,1764378008.0,0.0005
2025-11-29 02:00:00,1764381608.0,0.0005
2025-11-29 03:00:00,1764385206.0,0.0005
2025-11-29 04:00:00,1764388807.0,0.0005
2025-11-29 05:00:00,1764392407.0,0.0005
2025-11-29 06:00:00,1764396007.0,0.0005
2025-11-29 07:00:00,1764399608.0,0.0005
2025-11-29 08:00:00,1764403208.0,0.0005
2025-11-29 09:00:00,1764406808.0,0.0005
2025-11-29 10:00:00,1764410422.0,0.0005
2025-11-29 11:00:00,1764414008.0,0.0005
2025-11-29 12:00:00,1764417608.0,0.003
2025-11-29 13:00:00,1764421207.0,0.0035
2025-11-29 14:00:00,1764424807.0,0.0025
2025-11-29 15:00:00,1764428408.0,0.0045
2025-11-29 16:00:00,1764432007.0,0.0035
2025-11-29 17:00:00,1764435608.0,0.003
2025-11-29 18:00:00,1764439208.0,0.003
2025-11-29 19:00:00,1764442808.0,0.003
2025-11-29 20:00:00,1764446407.0,0.003
2025-11-29 21:00:00,1764450009.0,0.003
2025-11-29 22:00:00,1764453607.0,0.003
2025-11-29 23:00:00,1764457207.0,0.003
2025-11-30 00:00:00,1764460807.0,0.0025
2025-11-30 01:00:00,1764464408.0,0.0025
2025-11-30 02:00:00,1764468008.0,0.0025
2025-11-30 03:00:00,1764471608.0,0.0025
2025-11-30 04:00:00,1764475208.0,0.0025
2025-11-30 05:00:00,1764478807.0,0.0025
2025-11-30 06:00:00,1764482407.0,0.0025
2025-11-30 07:00:00,1764486009.0,0.0025
2025-11-30 08:00:00,1764489606.0,0.0025
2025-11-30 09:00:00,1764493208.0,0.0025
2025-11-30 10:00:00,1764496822.0,0.0025
2025-11-30 11:00:00,1764500407.0,0.002
2025-11-30 12:00:00,1764504035.0,0.0025
2025-11-30 13:00:00,1764507605.0,0.0025
2025-11-30 14:00:00,1764511208.0,0.0025
2025-11-30 15:00:00,1764514820.0,0.0025
2025-11-30 16:00:00,1764518420.0,0.002
2025-11-30 17:00:00,1764522007.0,0.002
2025-11-30 18:00:00,1764525608.0,0.002
2025-11-30 19:00:00,1764529208.0,0.002
2025-11-30 20:00:00,1764532808.0,0.002
2025-11-30 21:00:00,1764536408.0,0.0015
2025-11-30 22:00:00,1764540008.0,0.0015
2025-11-30 23:00:00,1764543613.0,0.0015
2025-12-01 00:00:00,1764547206.0,0.0015
2025-12-01 01:00:00,1764550808.0,0.0015
2025-12-01 02:00:00,1764554407.0,0.0015
2025-12-01 03:00:00,1764558019.0,0.0015
2025-12-01 04:00:00,1764561606.0,0.0015
2025-12-01 05:00:00,1764565208.0,0.0015
2025-12-01 06:00:00,1764568807.0,0.0005
2025-12-01 07:00:00,1764572407.0,0.0005
2025-12-01 08:00:00,1764576007.0,0.0005
2025-12-01 09:00:00,1764579620.0,0.0005
2025-12-01 10:00:00,1764583219.0,0.0005
2025-12-01 11:00:00,1764586807.0,0.0005
2025-12-01 12:00:00,1764590417.0,0.0005
2025-12-01 13:00:00,1764594007.0,0.0005
2025-12-01 14:00:00,1764597607.0,0.0005
2025-12-01 15:00:00,1764601220.0,0.0005
2025-12-01 16:00:00,1764604818.0,0.0005
2025-12-01 17:00:00,1764608407.0,0.0005
2025-12-01 18:00:00,1764612020.0,0.0005
2025-12-01 19:00:00,1764615607.0,0.0005
2025-12-01 20:00:00,1764619207.0,0.0005
2025-12-01 21:00:00,1764622807.0,0.0005
2025-12-01 22:00:00,1764626407.0,0.0005
2025-12-01 23:00:00,1764630007.0,0.0005
2025-12-02 00:00:00,1764633606.0,0.0005
2025-12-02 01:00:00,1764637207.0,0.0005
2025-12-02 02:00:00,1764640807.0,0.0005
2025-12-02 03:00:00,1764644407.0,0.0005
2025-12-02 04:00:00,1764648007.0,0.0005
2025-12-02 05:00:00,1764651607.0,0.0005
2025-12-02 06:00:00,1764655207.0,0.0005
2025-12-02 07:00:00,1764658807.0,0.0005
2025-12-02 08:00:00,1764662407.0,0.0005
2025-12-02 09:00:00,1764666007.0,0.0005
2025-12-02 10:00:00,1764669607.0,0.0005
2025-12-02 11:00:00,1764673208.0,0.0005
2025-12-02 12:00:00,1764676808.0,0.0005
2025-12-02 13:00:00,1764680407.0,0.0005
2025-12-02 14:00:00,1764684007.0,0.0005
2025-12-02 15:00:00,1764687607.0,0.0005
2025-12-02 16:00:00,1764691206.0,0.0005
2025-12-02 17:00:00,1764694808.0,0.0005
2025-12-02 18:00:00,1764698408.0,0.0005
2025-12-02 19:00:00,1764702008.0,0.0005
2025-12-02 20:00:00,1764705608.0,0.0005
2025-12-02 21:00:00,1764709208.0,0.0005
2025-12-02 22:00:00,1764712807.0,0.0005
2025-12-02 23:00:00,1764716408.0,0.0005
2025-12-03 00:00:00,1764720008.0,0.0005
2025-12-03 01:00:00,1764723607.0,0.0005
2025-12-03 02:00:00,1764727207.0,0.0005
2025-12-03 03:00:00,1764730807.0,0.0005
2025-12-03 04:00:00,1764734408.0,0.0005
2025-12-03 05:00:00,1764738008.0,0.0005
2025-12-03 06:00:00,1764741608.0,0.0005
2025-12-03 07:00:00,1764745208.0,0.001
2025-12-03 08:00:00,1764748807.0,0.0005
2025-12-03 09:00:00,1764752408.0,0.0005
2025-12-03 10:00:00,1764756007.0,0.0005
2025-12-03 11:00:00,1764759608.0,0.0005
2025-12-03 12:00:00,1764763209.0,0.0005
2025-12-03 13:00:00,1764766807.0,0.0005
2025-12-03 14:00:00,1764770409.0,0.0005
2025-12-03 15:00:00,1764774006.0,0.0005
2025-12-03 16:00:00,1764777608.0,0.0005
2025-12-03 17:00:00,1764781208.0,0.0005
2025-12-03 18:00:00,1764784808.0,0.0005
2025-12-03 19:00:00,1764788408.0,0.0005
2025-12-03 20:00:00,1764792008.0,0.0005
2025-12-03 21:00:00,1764795609.0,0.0005
2025-12-03 22:00:00,1764799208.0,0.0005
2025-12-03 23:00:00,1764802808.0,0.0005
2025-12-04 00:00:00,1764806407.0,0.0005
2025-12-04 01:00:00,1764810007.0,0.0005
2025-12-04 02:00:00,1764813607.0,0.001
2025-12-04 03:00:00,1764817207.0,0.001
2025-12-04 04:00:00,1764820808.0,0.001
2025-12-04 05:00:00,1764824407.0,0.001
2025-12-04 06:00:00,1764828007.0,0.001
2025-12-04 07:00:00,1764831607.0,0.0005
2025-12-04 08:00:00,1764835207.0,0.0005
2025-12-04 09:00:00,1764838813.0,0.0005
2025-12-04 10:00:00,1764842407.0,0.0005
2025-12-04 11:00:00,1764846007.0,0.0005
2025-12-04 12:00:00,1764849609.0,0.0005
2025-12-04 13:00:00,1764853207.0,0.0005
2025-12-04 14:00:00,1764856807.0,0.0005
2025-12-04 15:00:00,1764860407.0,0.0005
2025-12-04 16:00:00,1764864006.0,0.0005
2025-12-04 17:00:00,1764867607.0,0.0005
2025-12-04 18:00:00,1764871206.0,0.001
2025-12-04 19:00:00,1764874806.0,0.0005
2025-12-04 20:00:00,1764878406.0,0.0005
2025-12-04 21:00:00,1764882006.0,0.0005
2025-12-04 22:00:00,1764885606.0,0.0005
2025-12-04 23:00:00,1764889207.0,0.0005
2025-12-05 00:00:00,1764892807.0,0.0005
2025-12-05 01:00:00,1764896407.0,0.0005
2025-12-05 02:00:00,1764900006.0,0.0005
2025-12-05 03:00:00,1764903607.0,0.0005
2025-12-05 04:00:00,1764907207.0,0.0005
2025-12-05 05:00:00,1764910806.0,0.0005
2025-12-05 06:00:00,1764914406.0,0.0005
2025-12-05 07:00:00,1764918006.0,0.0005
2025-12-05 08:00:00,1764921606.0,0.0015
2025-12-05 09:00:00,1764925206.0,0.0015
2025-12-05 10:00:00,1764928806.0,0.0015
2025-12-05 11:00:00,1764932406.0,0.0015
2025-12-05 12:00:00,1764936007.0,0.0015
2025-12-05 13:00:00,1764939606.0,0.0015
2025-12-05 14:00:00,1764943207.0,0.0005
2025-12-05 15:00:00,1764946807.0,0.0005
2025-12-05 16:00:00,1764950406.0,0.0005
2025-12-05 17:00:00,1764954007.0,0.0005
2025-12-05 18:00:00,1764957606.0,0.0005
2025-12-05 19:00:00,1764961209.0,0.0005
2025-12-05 20:00:00,1764964807.0,0.0005
2025-12-05 21:00:00,1764968407.0,0.0005
2025-12-05 22:00:00,1764972007.0,0.0005
2025-12-05 23:00:00,1764975606.0,0.0005
2025-12-06 00:00:00,1764979208.0,0.0005
2025-12-06 01:00:00,1764982807.0,0.0005
2025-12-06 02:00:00,1764986407.0,0.0005
2025-12-06 03:00:00,1764990007.0,0.0005
2025-12-06 04:00:00,1764993607.0,0.0005
2025-12-06 05:00:00,1764997207.0,0.0005
2025-12-06 06:00:00,1765000807.0,0.0005
2025-12-06 07:00:00,1765004408.0,0.0005
2025-12-06 08:00:00,1765008007.0,0.0005
2025-12-06 09:00:00,1765011607.0,0.0005
2025-12-06 10:00:00,1765015207.0,0.0005
2025-12-06 11:00:00,1765018808.0,0.0005
2025-12-06 12:00:00,1765022408.0,0.0005
2025-12-06 13:00:00,1765026007.0,0.0005
2025-12-06 14:00:00,1765029607.0,0.0005
2025-12-06 15:00:00,1765033207.0,0.0005
2025-12-06 16:00:00,1765036807.0,0.0005
2025-12-06 17:00:00,1765040408.0,0.0005
2025-12-06 18:00:00,1765044007.0,0.0005
2025-12-06 19:00:00,1765047607.0,0.0005
2025-12-06 20:00:00,1765051207.0,0.0005
2025-12-06 21:00:00,1765054807.0,0.0005
2025-12-06 22:00:00,1765058407.0,0.0005
2025-12-06 23:00:00,1765062006.0,0.0005
2025-12-07 00:00:00,1765065620.0,0.0005
2025-12-07 01:00:00,1765069207.0,0.0005
2025-12-07 02:00:00,1765072807.0,0.0005
2025-12-07 03:00:00,1765076407.0,0.0005
2025-12-07 04:00:00,1765080006.0,0.0005
2025-12-07 05:00:00,1765083606.0,0.0005
2025-12-07 06:00:00,1765087208.0,0.0005
2025-12-07 07:00:00,1765090807.0,0.0005
2025-12-07 08:00:00,1765094406.0,0.0005
2025-12-07 09:00:00,1765098006.0,0.0005
2025-12-07 10:00:00,1765101606.0,0.0005
2025-12-07 11:00:00,1765105206.0,0.0005
2025-12-07 12:00:00,1765108808.0,0.0005
2025-12-07 13:00:00,1765112406.0,0.0005
2025-12-07 14:00:00,1765116006.0,0.0005
2025-12-07 15:00:00,1765119606.0,0.0005
2025-12-07 16:00:00,1765123206.0,0.0005
2025-12-07 17:00:00,1765126806.0,0.0005
2025-12-07 18:00:00,1765130407.0,0.0005
2025-12-07 19:00:00,1765134007.0,0.0005
2025-12-07 20:00:00,1765137621.0,0.0005
2025-12-07 21:00:00,1765141207.0,0.0005
2025-12-07 22:00:00,1765144806.0,0.0005
2025-12-07 23:00:00,1765148406.0,0.0005
2025-12-08 00:00:00,1765152020.0,0.0005
2025-12-08 01:00:00,1765155619.0,0.0005
2025-12-08 02:00:00,1765159206.0,0.0005
2025-12-08 03:00:00,1765162806.0,0.0005
2025-12-08 04:00:00,1765166406.0,0.0005
2025-12-08 05:00:00,1765170005.0,0.0005
2025-12-08 06:00:00,1765173606.0,0.0005
2025-12-08 07:00:00,1765177206.0,0.0005
2025-12-08 08:00:00,1765180805.0,0.0005
2025-12-08 09:00:00,1765184407.0,0.0005
2025-12-08 10:00:00,1765188006.0,0.0005
2025-12-08 11:00:00,1765191605.0,0.0005
2025-12-08 12:00:00,1765195220.0,0.0005
2025-12-08 13:00:00,1765198808.0,0.0005
2025-12-08 14:00:00,1765202406.0,0.0005
2025-12-08 15:00:00,1765206006.0,0.0005
2025-12-08 16:00:00,1765209620.0,0.0005
2025-12-08 17:00:00,1765213206.0,0.0005
2025-12-08 18:00:00,1765216806.0,0.0005
2025-12-08 19:00:00,1765220406.0,0.0005
2025-12-08 20:00:00,1765224006.0,0.0005
2025-12-08 21:00:00,1765227621.0,0.0005
2025-12-08 22:00:00,1765231206.0,0.0005
2025-12-08 23:00:00,1765234806.0,0.0005
2025-12-09 00:00:00,1765238418.0,0.0005
2025-12-09 01:00:00,1765242007.0,0.0005
2025-12-09 02:00:00,1765245608.0,0.0005
2025-12-09 03:00:00,1765249206.0,0.0005
2025-12-09 04:00:00,1765252806.0,0.0005
2025-12-09 05:00:00,1765256407.0,0.0005
2025-12-09 06:00:00,1765260007.0,0.0005
2025-12-09 07:00:00,1765263607.0,0.0005
2025-12-09 08:00:00,1765267208.0,0.0005
2025-12-09 09:00:00,1765270807.0,0.0005
2025-12-09 10:00:00,1765274406.0,0.0005
2025-12-09 11:00:00,1765278008.0,0.0005
2025-12-09 12:00:00,1765281607.0,0.0005
2025-12-09 13:00:00,1765285208.0,0.0005
2025-12-09 14:00:00,1765288821.0,0.0005
2025-12-09 15:00:00,1765292408.0,0.0005
2025-12-09 16:00:00,1765296006.0,0.0005
2025-12-09 17:00:00,1765299607.0,0.0005
2025-12-09 18:00:00,1765303207.0,0.0005
2025-12-09 19:00:00,1765306806.0,0.0005
2025-12-09 20:00:00,1765310408.0,0.0005
2025-12-09 21:00:00,1765314007.0,0.0005
2025-12-09 22:00:00,1765317607.0,0.0005
2025-12-09 23:00:00,1765321208.0,0.0005
2025-12-10 00:00:00,1765324808.0,0.0005
2025-12-10 01:00:00,1765328419.0,0.0005
2025-12-10 02:00:00,1765332006.0,0.0005
2025-12-10 03:00:00,1765335606.0,0.0005
2025-12-10 04:00:00,1765339207.0,0.0005
2025-12-10 05:00:00,1765342809.0,0.0005
2025-12-10 06:00:00,1765346407.0,0.0005
2025-12-10 07:00:00,1765350006.0,0.0005
2025-12-10 08:00:00,1765353607.0,0.0005
2025-12-10 09:00:00,1765357220.0,0.0005
2025-12-10 10:00:00,1765360806.0,0.0005
2025-12-10 11:00:00,1765364407.0,0.0005
2025-12-10 12:00:00,1765368008.0,0.0005
2025-12-10 13:00:00,1765371606.0,0.0005
2025-12-10 14:00:00,1765375205.0,0.0005
2025-12-10 15:00:00,1765378808.0,0.0005
2025-12-10 16:00:00,1765382406.0,0.0005
2025-12-10 17:00:00,1765386006.0,0.0005
2025-12-10 18:00:00,1765389606.0,0.0005
2025-12-10 19:00:00,1765393206.0,0.0005
2025-12-10 20:00:00,1765396806.0,0.0005
2025-12-10 21:00:00,1765400406.0,0.0005
2025-12-10 22:00:00,1765404006.0,0.0005
2025-12-10 23:00:00,1765407606.0,0.0005
2025-12-11 00:00:00,1765411208.0,0.0005
2025-12-11 01:00:00,1765414807.0,0.0005
2025-12-11 02:00:00,1765418418.0,0.0005
2025-12-11 03:00:00,1765422007.0,0.0005
2025-12-11 04:00:00,1765425622.0,0.0005
2025-12-11 05:00:00,1765429208.0,0.0005
2025-12-11 06:00:00,1765432806.0,0.0005
2025-12-11 07:00:00,1765436406.0,0.0005
2025-12-11 08:00:00,1765440007.0,0.0005
2025-12-11 09:00:00,1765443607.0,0.0005
2025-12-11 10:00:00,1765447207.0,0.0005
2025-12-11 11:00:00,1765450808.0,0.0005
2025-12-11 12:00:00,1765454408.0,0.0005
2025-12-11 13:00:00,1765458006.0,0.0005
2025-12-11 14:00:00,1765461606.0,0.0005
2025-12-11 15:00:00,1765465207.0,0.0005
2025-12-11 16:00:00,1765468816.0,0.0005
2025-12-11 17:00:00,1765472407.0,0.0005
2025-12-11 18:00:00,1765476006.0,0.0005
2025-12-11 19:00:00,1765479618.0,0.0005
2025-12-11 20:00:00,1765483207.0,0.0005
2025-12-11 21:00:00,1765486807.0,0.0005
2025-12-11 22:00:00,1765490406.0,0.0005
2025-12-11 23:00:00,1765494008.0,0.0005
2025-12-12 00:00:00,1765497607.0,0.0005
2025-12-12 01:00:00,1765501206.0,0.0005
2025-12-12 02:00:00,1765504806.0,0.0005
2025-12-12 03:00:00,1765508408.0,0.0005
2025-12-12 04:00:00,1765512007.0,0.0005
2025-12-12 05:00:00,1765515619.0,0.0005
2025-12-12 06:00:00,1765519207.0,0.0005
2025-12-12 07:00:00,1765522807.0,0.0005
2025-12-12 08:00:00,1765526406.0,0.0005
2025-12-12 09:00:00,1765530007.0,0.0005
2025-12-12 10:00:00,1765533606.0,0.0005
2025-12-12 11:00:00,1765537207.0,0.0005
2025-12-12 12:00:00,1765540807.0,0.0005
2025-12-12 13:00:00,1765544406.0,0.0005
2025-12-12 14:00:00,1765548007.0,0.0005
2025-12-12 15:00:00,1765551607.0,0.0005
2025-12-12 16:00:00,1765555207.0,0.0005
2025-12-12 17:00:00,1765558809.0,0.0005
2025-12-12 18:00:00,1765562408.0,0.0005
2025-12-12 19:00:00,1765566007.0,0.0005
2025-12-12 20:00:00,1765569608.0,0.0005
2025-12-12 21:00:00,1765573207.0,0.0005
2025-12-12 22:00:00,1765576808.0,0.0005
2025-12-12 23:00:00,1765580407.0,0.0005
2025-12-13 00:00:00,1765584008.0,0.0005
2025-12-13 01:00:00,1765587607.0,0.0005
2025-12-13 02:00:00,1765591207.0,0.0005
2025-12-13 03:00:00,1765594807.0,0.0005
2025-12-13 04:00:00,1765598408.0,0.0005
2025-12-13 05:00:00,1765602007.0,0.0005
2025-12-13 06:00:00,1765605608.0,0.0005
2025-12-13 07:00:00,1765609207.0,0.0005
2025-12-13 08:00:00,1765612807.0,0.0005
2025-12-13 09:00:00,1765616407.0,0.0005
2025-12-13 10:00:00,1765620007.0,0.0005
2025-12-13 11:00:00,1765623607.0,0.0005
2025-12-13 12:00:00,1765627208.0,0.0005
2025-12-13 13:00:00,1765630807.0,0.0005
2025-12-13 14:00:00,1765634409.0,0.0005
2025-12-13 15:00:00,1765638008.0,0.0005
2025-12-13 16:00:00,1765641607.0,0.0005
2025-12-13 17:00:00,1765645208.0,0.0005
2025-12-13 18:00:00,1765648807.0,0.0005
2025-12-13 19:00:00,1765652407.0,0.0005
2025-12-13 20:00:00,1765656007.0,0.0005
2025-12-13 21:00:00,1765659607.0,0.0005
2025-12-13 22:00:00,1765663207.0,0.0005
2025-12-13 23:00:00,1765666807.0,0.0005
2025-12-14 00:00:00,1765670408.0,0.0005
2025-12-14 01:00:00,1765674007.0,0.0005
2025-12-14 02:00:00,1765677607.0,0.0005
2025-12-14 03:00:00,1765681208.0,0.0005
2025-12-14 04:00:00,1765684807.0,0.0005
2025-12-14 05:00:00,1765688407.0,0.0005
2025-12-14 06:00:00,1765692007.0,0.0005
2025-12-14 07:00:00,1765695606.0,0.0005
2025-12-14 08:00:00,1765699207.0,0.0005
2025-12-14 09:00:00,1765702807.0,0.0005
2025-12-14 10:00:00,1765706408.0,0.0005
2025-12-14 11:00:00,1765710006.0,0.0005
2025-12-14 12:00:00,1765713608.0,0.0005
2025-12-14 13:00:00,1765717206.0,0.0005
2025-12-14 14:00:00,1765720806.0,0.0005
2025-12-14 15:00:00,1765724407.0,0.0005
2025-12-14 16:00:00,1765728007.0,0.0005
2025-12-14 17:00:00,1765731607.0,0.0005
2025-12-14 18:00:00,1765735207.0,0.0005
2025-12-14 19:00:00,1765738807.0,0.0005
2025-12-14 20:00:00,1765742407.0,0.0005
2025-12-14 21:00:00,1765746008.0,0.0005
2025-12-14 22:00:00,1765749606.0,0.0005
2025-12-14 23:00:00,1765753206.0,0.0005
2025-12-15 00:00:00,1765756808.0,0.0005
2025-12-15 01:00:00,1765760406.0,0.0005
2025-12-15 02:00:00,1765764006.0,0.0005
2025-12-15 03:00:00,1765767607.0,0.0005
2025-12-15 04:00:00,1765771208.0,0.0005
2025-12-15 05:00:00,1765774807.0,0.0005
2025-12-15 06:00:00,1765778407.0,0.0005
2025-12-15 07:00:00,1765782006.0,0.0005
2025-12-15 08:00:00,1765785606.0,0.0005
2025-12-15 09:00:00,1765789208.0,0.0005
2025-12-15 10:00:00,1765792805.0,0.0005
2025-12-15 11:00:00,1765796409.0,0.0005
2025-12-15 12:00:00,1765800007.0,0.0005
2025-12-15 13:00:00,1765803618.0,0.0005
2025-12-15 14:00:00,1765807206.0,0.0005
2025-12-15 15:00:00,1765810808.0,0.0005
2025-12-15 16:00:00,1765814406.0,0.0005
2025-12-15 17:00:00,1765818008.0,0.0005
2025-12-15 18:00:00,1765821621.0,0.0005
2025-12-15 19:00:00,1765825206.0,0.0005
2025-12-15 20:00:00,1765828806.0,0.0005
2025-12-15 21:00:00,1765832407.0,0.0005
2025-12-15 22:00:00,1765836022.0,0.0005
2025-12-15 23:00:00,1765839606.0,0.0005
2025-12-16 00:00:00,1765843207.0,0.0005
2025-12-16 01:00:00,1765846807.0,0.0005
2025-12-16 02:00:00,1765850406.0,0.0005
2025-12-16 03:00:00,1765854006.0,0.0005
2025-12-16 04:00:00,1765857606.0,0.0005
2025-12-16 05:00:00,1765861206.0,0.0005
2025-12-16 06:00:00,1765864807.0,0.0005
2025-12-16 07:00:00,1765868413.0,0.0005
2025-12-16 08:00:00,1765872008.0,0.0005
2025-12-16 09:00:00,1765875606.0,0.0005
2025-12-16 10:00:00,1765879206.0,0.0005
2025-12-16 11:00:00,1765882806.0,0.0005
2025-12-16 12:00:00,1765886419.0,0.0005
2025-12-16 13:00:00,1765890006.0,0.0005
2025-12-16 14:00:00,1765893621.0,0.0005
2025-12-16 15:00:00,1765897206.0,0.0005
2025-12-16 16:00:00,1765900823.0,0.0005
2025-12-16 17:00:00,1765904407.0,0.0005
2025-12-16 18:00:00,1765908007.0,0.0005
2025-12-16 19:00:00,1765911607.0,0.0005
2025-12-16 20:00:00,1765915207.0,0.0005
2025-12-16 21:00:00,1765918807.0,0.0005
2025-12-16 22:00:00,1765922407.0,0.0005
2025-12-16 23:00:00,1765926008.0,0.0005
2025-12-17 00:00:00,1765929604.0,0.0005
2025-12-17 01:00:00,1765933207.0,0.0005
2025-12-17 02:00:00,1765936806.0,0.0005
2025-12-17 03:00:00,1765940419.0,0.0005
2025-12-17 04:00:00,1765944007.0,0.0005
2025-12-17 05:00:00,1765947607.0,0.0005
2025-12-17 06:00:00,1765951208.0,0.0005
2025-12-17 07:00:00,1765954808.0,0.0005
2025-12-17 08:00:00,1765958418.0,0.0005
2025-12-17 09:00:00,1765962008.0,0.0005
2025-12-17 10:00:00,1765965608.0,0.0005
2025-12-17 11:00:00,1765969207.0,0.0005
2025-12-17 12:00:00,1765972808.0,0.0005
2025-12-17 13:00:00,1765976407.0,0.0005
2025-12-17 14:00:00,1765980007.0,0.0005
2025-12-17 15:00:00,1765983608.0,0.0005
2025-12-17 16:00:00,1765987208.0,0.0005
2025-12-17 17:00:00,1765990807.0,0.0005
2025-12-17 18:00:00,1765994407.0,0.0005
2025-12-17 19:00:00,1765998009.0,0.0005
2025-12-17 20:00:00,1766001607.0,0.0005
2025-12-17 21:00:00,1766005207.0,0.0005
2025-12-17 22:00:00,1766008807.0,0.0005
2025-12-17 23:00:00,1766012407.0,0.0005
2025-12-18 00:00:00,1766016018.0,0.0005
2025-12-18 01:00:00,1766019607.0,0.0005
2025-12-18 02:00:00,1766023207.0,0.0005
2025-12-18 03:00:00,1766026807.0,0.0005
2025-12-18 04:00:00,1766030407.0,0.0005
2025-12-18 05:00:00,1766034008.0,0.0005
2025-12-18 06:00:00,1766037607.0,0.0005
2025-12-18 07:00:00,1766041207.0,0.0005
2025-12-18 08:00:00,1766044807.0,0.0005
2025-12-18 09:00:00,1766048407.0,0.0005
2025-12-18 10:00:00,1766052009.0,0.0005
2025-12-18 11:00:00,1766055608.0,0.0005
2025-12-18 12:00:00,1766059208.0,0.0005
2025-12-18 13:00:00,1766062808.0,0.0005
2025-12-18 14:00:00,1766066422.0,0.0005
2025-12-18 15:00:00,1766070007.0,0.0005
2025-12-18 16:00:00,1766073608.0,0.0005
2025-12-18 17:00:00,1766077208.0,0.0005
2025-12-18 18:00:00,1766080809.0,0.0005
2025-12-18 19:00:00,1766084411.0,0.0005
2025-12-18 20:00:00,1766088008.0,0.0005
2025-12-18 21:00:00,1766091608.0,0.0005
2025-12-18 22:00:00,1766095210.0,0.0005
2025-12-18 23:00:00,1766098807.0,0.0005
2025-12-19 00:00:00,1766102409.0,0.0005
2025-12-19 01:00:00,1766106008.0,0.0005
2025-12-19 02:00:00,1766109608.0,0.0005
2025-12-19 03:00:00,1766113208.0,0.0005
2025-12-19 04:00:00,1766116809.0,0.0005
2025-12-19 05:00:00,1766120408.0,0.0005
2025-12-19 06:00:00,1766124008.0,0.0005
2025-12-19 07:00:00,1766127608.0,0.0005
2025-12-19 08:00:00,1766131208.0,0.0005
2025-12-19 09:00:00,1766134809.0,0.0005
2025-12-19 10:00:00,1766138408.0,0.0005
2025-12-19 11:00:00,1766142008.0,0.0005
2025-12-19 12:00:00,1766145609.0,0.0005
2025-12-19 13:00:00,1766149209.0,0.0005
2025-12-19 14:00:00,1766152808.0,0.0005
2025-12-19 15:00:00,1766156422.0,0.0005
2025-12-19 16:00:00,1766160023.0,0.0005
2025-12-19 17:00:00,1766163609.0,0.0005
2025-12-19 18:00:00,1766167207.0,0.0005
2025-12-19 19:00:00,1766170807.0,0.0005
2025-12-19 20:00:00,1766174407.0,0.0005
2025-12-19 21:00:00,1766178007.0,0.0005
2025-12-19 22:00:00,1766181607.0,0.0005
2025-12-19 23:00:00,1766185207.0,0.0005
2025-12-20 00:00:00,1766188808.0,0.0005
2025-12-20 01:00:00,1766192408.0,0.0005
2025-12-20 02:00:00,1766196007.0,0.0005
2025-12-20 03:00:00,1766199618.0,0.0005
2025-12-20 04:00:00,1766203208.0,0.0005
2025-12-20 05:00:00,1766206808.0,0.0005
2025-12-20 06:00:00,1766210407.0,0.0005
2025-12-20 07:00:00,1766214008.0,0.0005
2025-12-20 08:00:00,1766217607.0,0.0005
2025-12-20 09:00:00,1766221207.0,0.0005
2025-12-20 10:00:00,1766224807.0,0.0005
2025-12-20 11:00:00,1766228408.0,0.0005
2025-12-20 12:00:00,1766232008.0,0.0005
2025-12-20 13:00:00,1766235607.0,0.0005
2025-12-20 14:00:00,1766239208.0,0.0005
2025-12-20 15:00:00,1766242808.0,0.0005
2025-12-20 16:00:00,1766246408.0,0.0005
2025-12-20 17:00:00,1766250009.0,0.0005
2025-12-20 18:00:00,1766253607.0,0.0005
2025-12-20 19:00:00,1766257209.0,0.0005
2025-12-20 20:00:00,1766260809.0,0.0005
2025-12-20 21:00:00,1766264408.0,0.0005
2025-12-20 22:00:00,1766268009.0,0.0005
2025-12-20 23:00:00,1766271610.0,0.0005
2025-12-21 00:00:00,1766275208.0,0.0005
2025-12-21 01:00:00,1766278807.0,0.0005
2025-12-21 02:00:00,1766282407.0,0.0005
2025-12-21 03:00:00,1766286008.0,0.0005
2025-12-21 04:00:00,1766289608.0,0.0005
2025-12-21 05:00:00,1766293206.0,0.0005
2025-12-21 06:00:00,1766296808.0,0.0005
2025-12-21 07:00:00,1766300406.0,0.0005
2025-12-21 08:00:00,1766304007.0,0.0005
2025-12-21 09:00:00,1766307607.0,0.0005
2025-12-21 10:00:00,1766311206.0,0.0005
2025-12-21 11:00:00,1766314807.0,0.0005
2025-12-21 12:00:00,1766318407.0,0.0005
2025-12-21 13:00:00,1766322008.0,0.0005
2025-12-21 14:00:00,1766325607.0,0.0005
2025-12-21 15:00:00,1766329207.0,0.0005
2025-12-21 16:00:00,1766332806.0,0.0005
2025-12-21 17:00:00,1766336408.0,0.0005
2025-12-21 18:00:00,1766340007.0,0.0005
2025-12-21 19:00:00,1766343607.0,0.0005
2025-12-21 20:00:00,1766347209.0,0.0005
2025-12-21 21:00:00,1766350807.0,0.0005
2025-12-21 22:00:00,1766354406.0,0.0005
2025-12-21 23:00:00,1766358007.0,0.0005
2025-12-22 00:00:00,1766361607.0,0.0005
2025-12-22 01:00:00,1766365207.0,0.0005
2025-12-22 02:00:00,1766368807.0,0.0005
2025-12-22 03:00:00,1766372407.0,0.0005
2025-12-22 04:00:00,1766376007.0,0.0005
2025-12-22 05:00:00,1766379606.0,0.0005
2025-12-22 06:00:00,1766383206.0,0.0005
2025-12-22 07:00:00,1766386807.0,0.0005
2025-12-22 08:00:00,1766390420.0,0.0005
2025-12-22 09:00:00,1766394020.0,0.0005
2025-12-22 10:00:00,1766397607.0,0.0005
2025-12-22 11:00:00,1766401207.0,0.0005
2025-12-22 12:00:00,1766404807.0,0.0005
2025-12-22 13:00:00,1766408406.0,0.0005
2025-12-22 14:00:00,1766412006.0,0.0005
2025-12-22 15:00:00,1766415607.0,0.0005
2025-12-22 16:00:00,1766419206.0,0.0005
2025-12-22 17:00:00,1766422807.0,0.0005
2025-12-22 18:00:00,1766426407.0,0.0005
2025-12-22 19:00:00,1766430007.0,0.0005
2025-12-22 20:00:00,1766433619.0,0.0005
2025-12-22 21:00:00,1766437207.0,0.0005
2025-12-22 22:00:00,1766440819.0,0.0005
2025-12-22 23:00:00,1766444407.0,0.0005
2025-12-23 00:00:00,1766448008.0,0.0005
2025-12-23 01:00:00,1766451606.0,0.0005
2025-12-23 02:00:00,1766455207.0,0.0005
2025-12-23 03:00:00,1766458807.0,0.0005
2025-12-23 04:00:00,1766462419.0,0.0005
2025-12-23 05:00:00,1766466022.0,0.0005
2025-12-23 06:00:00,1766469623.0,0.0005
2025-12-23 07:00:00,1766473207.0,0.0005
2025-12-23 08:00:00,1766476820.0,0.0005
2025-12-23 09:00:00,1766480407.0,0.0005
2025-12-23 10:00:00,1766484007.0,0.0005
2025-12-23 11:00:00,1766487607.0,0.0005
2025-12-23 12:00:00,1766491208.0,0.0005
2025-12-23 13:00:00,1766494807.0,0.0005
2025-12-23 14:00:00,1766498407.0,0.0005
2025-12-23 15:00:00,1766502007.0,0.0005
2025-12-23 16:00:00,1766505607.0,0.0005
2025-12-23 17:00:00,1766509223.0,0.0005
2025-12-23 18:00:00,1766512807.0,0.0005
2025-12-23 19:00:00,1766516407.0,0.0005
2025-12-23 20:00:00,1766520007.0,0.0005
2025-12-23 21:00:00,1766523607.0,0.0005
2025-12-23 22:00:00,1766527207.0,0.0005
2025-12-23 23:00:00,1766530807.0,0.0005
2025-12-24 00:00:00,1766534408.0,0.0005
2025-12-24 01:00:00,1766538008.0,0.0005
2025-12-24 02:00:00,1766541607.0,0.0005
2025-12-24 03:00:00,1766545207.0,0.0005
2025-12-24 04:00:00,1766548808.0,0.0005
2025-12-24 05:00:00,1766552408.0,0.0005
2025-12-24 06:00:00,1766556009.0,0.0005
2025-12-24 07:00:00,1766559607.0,0.0005
2025-12-24 08:00:00,1766563208.0,0.0005
2025-12-24 09:00:00,1766566809.0,0.0005
2025-12-24 10:00:00,1766570408.0,0.0005
2025-12-24 11:00:00,1766574009.0,0.0005
2025-12-24 12:00:00,1766577608.0,0.0005
2025-12-24 13:00:00,1766581207.0,0.0005
2025-12-24 14:00:00,1766584807.0,0.0005
2025-12-24 15:00:00,1766588408.0,0.0005
2025-12-24 16:00:00,1766592008.0,0.0005
2025-12-24 17:00:00,1766595608.0,0.0005
2025-12-24 18:00:00,1766599208.0,0.0005
2025-12-24 19:00:00,1766602807.0,0.0005
2025-12-24 20:00:00,1766606407.0,0.0005
2025-12-24 21:00:00,1766610008.0,0.0005
2025-12-24 22:00:00,1766613607.0,0.0005
2025-12-24 23:00:00,1766617207.0,0.0005
2025-12-25 00:00:00,1766620818.0,0.0005
2025-12-25 01:00:00,1766624407.0,0.0005
2025-12-25 02:00:00,1766628008.0,0.0005
2025-12-25 03:00:00,1766631608.0,0.0005
2025-12-25 04:00:00,1766635207.0,0.0005
2025-12-25 05:00:00,1766638808.0,0.0005
2025-12-25 06:00:00,1766642407.0,0.0005
2025-12-25 07:00:00,1766646008.0,0.0005
2025-12-25 08:00:00,1766649607.0,0.0005
2025-12-25 09:00:00,1766653207.0,0.0005
2025-12-25 10:00:00,1766656807.0,0.0005
2025-12-25 11:00:00,1766660407.0,0.0005
2025-12-25 12:00:00,1766664008.0,0.0005
2025-12-25 13:00:00,1766667608.0,0.0005
2025-12-25 14:00:00,1766671207.0,0.0005
2025-12-25 15:00:00,1766674807.0,0.0005
2025-12-25 16:00:00,1766678407.0,0.0005
2025-12-25 17:00:00,1766682008.0,0.0005
2025-12-25 18:00:00,1766685608.0,0.0005
2025-12-25 19:00:00,1766689208.0,0.0005
2025-12-25 20:00:00,1766692808.0,0.0005
2025-12-25 21:00:00,1766696407.0,0.0005
2025-12-25 22:00:00,1766700008.0,0.0005
2025-12-25 23:00:00,1766703607.0,0.0005
2025-12-26 00:00:00,1766707207.0,0.0005
2025-12-26 01:00:00,1766710807.0,0.0005
2025-12-26 02:00:00,1766714407.0,0.0005
2025-12-26 03:00:00,1766718007.0,0.0005
2025-12-26 04:00:00,1766721607.0,0.0005
2025-12-26 05:00:00,1766725208.0,0.0005
2025-12-26 06:00:00,1766728807.0,0.0005
2025-12-26 07:00:00,1766732407.0,0.0005
2025-12-26 08:00:00,1766736007.0,0.0005
2025-12-26 09:00:00,1766739607.0,0.0005
2025-12-26 10:00:00,1766743207.0,0.0005
2025-12-26 11:00:00,1766746808.0,0.0005
2025-12-26 12:00:00,1766750408.0,0.0005
2025-12-26 13:00:00,1766754007.0,0.0005
2025-12-26 14:00:00,1766757607.0,0.0005
2025-12-26 15:00:00,1766761208.0,0.0005
2025-12-26 16:00:00,1766764807.0,0.0005
2025-12-26 17:00:00,1766768409.0,0.0005
2025-12-26 18:00:00,1766772007.0,0.0005
2025-12-26 19:00:00,1766775608.0,0.0005
2025-12-26 20:00:00,1766779208.0,0.0005
2025-12-26 21:00:00,1766782808.0,0.0005
2025-12-26 22:00:00,1766786408.0,0.0005
2025-12-26 23:00:00,1766790007.0,0.0005
2025-12-27 00:00:00,1766793610.0,0.0005
2025-12-27 01:00:00,1766797208.0,0.0005
2025-12-27 02:00:00,1766800808.0,0.0005
2025-12-27 03:00:00,1766804409.0,0.0005
2025-12-27 04:00:00,1766808008.0,0.0005
2025-12-27 05:00:00,1766811609.0,0.0005
2025-12-27 06:00:00,1766815208.0,0.0005
2025-12-27 07:00:00,1766818809.0,0.0005
2025-12-27 08:00:00,1766822408.0,0.0005
2025-12-27 09:00:00,1766826009.0,0.0005
2025-12-27 10:00:00,1766829608.0,0.0005
2025-12-27 11:00:00,1766833209.0,0.0005
2025-12-27 12:00:00,1766836809.0,0.0005
2025-12-27 13:00:00,1766840409.0,0.0005
2025-12-27 14:00:00,1766844009.0,0.0005
2025-12-27 15:00:00,1766847608.0,0.0005
2025-12-27 16:00:00,1766851208.0,0.0005
2025-12-27 17:00:00,1766854808.0,0.0005
2025-12-27 18:00:00,1766858409.0,0.0005
2025-12-27 19:00:00,1766862008.0,0.0005
2025-12-27 20:00:00,1766865608.0,0.0005
2025-12-27 21:00:00,1766869208.0,0.0005
2025-12-27 22:00:00,1766872809.0,0.0005
2025-12-27 23:00:00,1766876409.0,0.0005
2025-12-28 00:00:00,1766880009.0,0.0005
2025-12-28 01:00:00,1766883683.0,0.0005
2025-12-28 02:00:00,1766887208.0,0.0005
2025-12-28 03:00:00,1766890808.0,0.0005
2025-12-28 04:00:00,1766894408.0,0.0005
2025-12-28 05:00:00,1766898008.0,0.0005
2025-12-28 06:00:00,1766901608.0,0.0005
2025-12-28 07:00:00,1766905208.0,0.0005
2025-12-28 08:00:00,1766908808.0,0.0005
2025-12-28 09:00:00,1766912408.0,0.0005
2025-12-28 10:00:00,1766916009.0,0.0005
2025-12-28 11:00:00,1766919608.0,0.0005
2025-12-28 12:00:00,1766923209.0,0.0005
2025-12-28 13:00:00,1766926808.0,0.0005
2025-12-28 14:00:00,1766930408.0,0.0005
2025-12-28 15:00:00,1766934009.0,0.0005
2025-12-28 16:00:00,1766937621.0,0.0005
2025-12-28 17:00:00,1766941208.0,0.0005
2025-12-28 18:00:00,1766944809.0,0.0005
2025-12-28 19:00:00,1766948408.0,0.0005
2025-12-28 20:00:00,1766952020.0,0.0005
2025-12-28 21:00:00,1766955608.0,0.0005
2025-12-28 22:00:00,1766959209.0,0.0005
2025-12-28 23:00:00,1766962810.0,0.0005
2025-12-29 00:00:00,1766966425.0,0.0005
2025-12-29 01:00:00,1766970084.0,0.0005
2025-12-29 02:00:00,1766973609.0,0.0005
2025-12-29 03:00:00,1766977222.0,0.0005
2025-12-29 04:00:00,1766980808.0,0.0005
2025-12-29 05:00:00,1766984408.0,0.0005
2025-12-29 06:00:00,1766988009.0,0.0005
2025-12-29 07:00:00,1766991609.0,0.0005
2025-12-29 08:00:00,1766995209.0,0.0005
2025-12-29 09:00:00,1766998808.0,0.0005
2025-12-29 10:00:00,1767002409.0,0.0005
2025-12-29 11:00:00,1767006009.0,0.0005
2025-12-29 12:00:00,1767009609.0,0.0005
2025-12-29 13:00:00,1767013208.0,0.0005
2025-12-29 14:00:00,1767016808.0,0.0005
2025-12-29 15:00:00,1767020408.0,0.0005
2025-12-29 16:00:00,1767024007.0,0.0005
2025-12-29 17:00:00,1767027607.0,0.0005
2025-12-29 18:00:00,1767031208.0,0.0005
2025-12-29 19:00:00,1767034808.0,0.0005
2025-12-29 20:00:00,1767038407.0,0.0005
2025-12-29 21:00:00,1767042007.0,0.0005
2025-12-29 22:00:00,1767045607.0,0.0005
2025-12-29 23:00:00,1767049209.0,0.0005
2025-12-30 00:00:00,1767052812.0,0.0005
2025-12-30 01:00:00,1767056408.0,0.0005
2025-12-30 02:00:00,1767060008.0,0.0005
2025-12-30 03:00:00,1767063609.0,0.0005
2025-12-30 04:00:00,1767067208.0,0.0005
2025-12-30 05:00:00,1767070809.0,0.0005
2025-12-30 06:00:00,1767074408.0,0.0005
2025-12-30 07:00:00,1767078013.0,0.0005
2025-12-30 08:00:00,1767081608.0,0.0005
2025-12-30 09:00:00,1767085210.0,0.0005
2025-12-30 10:00:00,1767088808.0,0.0005
2025-12-30 11:00:00,1767092409.0,0.0005
2025-12-30 12:00:00,1767096009.0,0.0005
2025-12-30 13:00:00,1767099608.0,0.0005
2025-12-30 14:00:00,1767103207.0,0.0005
2025-12-30 15:00:00,1767106808.0,0.0005
2025-12-30 16:00:00,1767110408.0,0.0005
2025-12-30 17:00:00,1767114009.0,0.0005
2025-12-30 18:00:00,1767117613.0,0.0005
2025-12-30 19:00:00,1767121208.0,0.0005
2025-12-30 20:00:00,1767124810.0,0.0005
2025-12-30 21:00:00,1767128408.0,0.0005
2025-12-30 22:00:00,1767132009.0,0.0005
2025-12-30 23:00:00,1767135609.0,0.0005
2025-12-31 00:00:00,1767139208.0,0.0005
2025-12-31 01:00:00,1767142809.0,0.0005
2025-12-31 02:00:00,1767146408.0,0.0005
2025-12-31 03:00:00,1767150010.0,0.0005
2025-12-31 04:00:00,1767153612.0,0.0005
2025-12-31 05:00:00,1767157208.0,0.0005
2025-12-31 06:00:00,1767160808.0,0.0005
2025-12-31 07:00:00,1767164407.0,0.0005
2025-12-31 08:00:00,1767168008.0,0.0005
2025-12-31 09:00:00,1767171609.0,0.0005
2025-12-31 10:00:00,1767175208.0,0.0005
2025-12-31 11:00:00,1767178819.0,0.0005
2025-12-31 12:00:00,1767182408.0,0.0005
2025-12-31 13:00:00,1767186008.0,0.0005
2025-12-31 14:00:00,1767189608.0,0.0005
2025-12-31 15:00:00,1767193208.0,0.0005
2025-12-31 16:00:00,1767196809.0,0.0005
2025-12-31 17:00:00,1767200410.0,0.0005
2025-12-31 18:00:00,1767204010.0,0.0005
2025-12-31 19:00:00,1767207628.0,0.0005
2025-12-31 20:00:00,1767211208.0,0.0005
2025-12-31 21:00:00,1767214810.0,0.0005
2025-12-31 22:00:00,1767218409.0,0.0005
2025-12-31 23:00:00,1767222009.0,0.0005
2026-01-01 00:00:00,1767225609.0,0.0005
2026-01-01 01:00:00,1767229208.0,0.0005
2026-01-01 02:00:00,1767232808.0,0.0005
2026-01-01 03:00:00,1767236408.0,0.0005
2026-01-01 04:00:00,1767240024.0,0.0005
2026-01-01 05:00:00,1767243609.0,0.0005
2026-01-01 06:00:00,1767247210.0,0.0005
2026-01-01 07:00:00,1767250808.0,0.0005
2026-01-01 08:00:00,1767254407.0,0.0005
2026-01-01 09:00:00,1767258009.0,0.0005
2026-01-01 10:00:00,1767261608.0,0.0005
2026-01-01 11:00:00,1767265208.0,0.0005
2026-01-01 12:00:00,1767268808.0,0.0005
2026-01-01 13:00:00,1767272420.0,0.0005
2026-01-01 14:00:00,1767276007.0,0.0005
2026-01-01 15:00:00,1767279608.0,0.0005
2026-01-01 16:00:00,1767283207.0,0.0005
2026-01-01 17:00:00,1767286808.0,0.0005
2026-01-01 18:00:00,1767290409.0,0.0005
2026-01-01 19:00:00,1767294007.0,0.0005
2026-01-01 20:00:00,1767297619.0,0.0005
2026-01-01 21:00:00,1767301207.0,0.0005
2026-01-01 22:00:00,1767304809.0,0.0005
2026-01-01 23:00:00,1767308408.0,0.001
2026-01-02 00:00:00,1767312009.0,0.0005
2026-01-02 01:00:00,1767315607.0,0.0005
2026-01-02 02:00:00,1767319208.0,0.0005
2026-01-02 03:00:00,1767322811.0,0.0005
2026-01-02 04:00:00,1767326407.0,0.0005
2026-01-02 05:00:00,1767330009.0,0.0005
2026-01-02 06:00:00,1767333608.0,0.0005
2026-01-02 07:00:00,1767337207.0,0.0005
2026-01-02 08:00:00,1767340807.0,0.0005
2026-01-02 09:00:00,1767344408.0,0.0005
2026-01-02 10:00:00,1767348010.0,0.0005
2026-01-02 11:00:00,1767351609.0,0.0005
2026-01-02 12:00:00,1767355208.0,0.0005
2026-01-02 13:00:00,1767358807.0,0.0005
2026-01-02 14:00:00,1767362408.0,0.0005
2026-01-02 15:00:00,1767366009.0,0.0005
2026-01-02 16:00:00,1767369609.0,0.0005
2026-01-02 17:00:00,1767373209.0,0.0005
2026-01-02 18:00:00,1767376823.0,0.0005
2026-01-02 19:00:00,1767380408.0,0.0005
2026-01-02 20:00:00,1767384009.0,0.0005
2026-01-02 21:00:00,1767387609.0,0.0005
2026-01-02 22:00:00,1767391208.0,0.0005
2026-01-02 23:00:00,1767394808.0,0.0005
2026-01-03 00:00:00,1767398409.0,0.0005
2026-01-03 01:00:00,1767402080.0,0.0005
2026-01-03 02:00:00,1767405608.0,0.0005
2026-01-03 03:00:00,1767409209.0,0.0005
2026-01-03 04:00:00,1767412810.0,0.0005
2026-01-03 05:00:00,1767416420.0,0.0005
2026-01-03 06:00:00,1767420011.0,0.0005
2026-01-03 07:00:00,1767423608.0,0.0005
2026-01-03 08:00:00,1767427207.0,0.0005
2026-01-03 09:00:00,1767430821.0,0.0005
2026-01-03 10:00:00,1767434408.0,0.0005
2026-01-03 11:00:00,1767438008.0,0.0005
2026-01-03 12:00:00,1767441609.0,0.0005
2026-01-03 13:00:00,1767445208.0,0.0005
2026-01-03 14:00:00,1767448810.0,0.0005
2026-01-03 15:00:00,1767452424.0,0.0005
2026-01-03 16:00:00,1767456009.0,0.0005
2026-01-03 17:00:00,1767459609.0,0.0005
2026-01-03 18:00:00,1767463209.0,0.0005
2026-01-03 19:00:00,1767466809.0,0.0005
2026-01-03 20:00:00,1767470410.0,0.0005
2026-01-03 21:00:00,1767474010.0,0.0005
2026-01-03 22:00:00,1767477609.0,0.0005
2026-01-03 23:00:00,1767481208.0,0.0005
2026-01-04 00:00:00,1767484810.0,0.0005
2026-01-04 01:00:00,1767488408.0,0.0005
2026-01-04 02:00:00,1767492008.0,0.0005
2026-01-04 03:00:00,1767495622.0,0.0005
2026-01-04 04:00:00,1767499209.0,0.0005
2026-01-04 05:00:00,1767502808.0,0.0005
2026-01-04 06:00:00,1767506407.0,0.0005
2026-01-04 07:00:00,1767510009.0,0.0005
2026-01-04 08:00:00,1767513608.0,0.0005
2026-01-04 09:00:00,1767517208.0,0.0005
2026-01-04 10:00:00,1767520807.0,0.0005
2026-01-04 11:00:00,1767524413.0,0.0005
2026-01-04 12:00:00,1767528010.0,0.0005
2026-01-04 13:00:00,1767531608.0,0.0005
2026-01-04 14:00:00,1767535208.0,0.0005
2026-01-04 15:00:00,1767538814.0,0.0005
2026-01-04 16:00:00,1767542409.0,0.0005
2026-01-04 17:00:00,1767546008.0,0.0005
2026-01-04 18:00:00,1767549608.0,0.0005
2026-01-04 19:00:00,1767553208.0,0.0005
2026-01-04 20:00:00,1767556826.0,0.0005
2026-01-04 21:00:00,1767560410.0,0.0005
2026-01-04 22:00:00,1767564009.0,0.0005
2026-01-04 23:00:00,1767567608.0,0.0005
2026-01-05 00:00:00,1767571210.0,0.0005
2026-01-05 01:00:00,1767574808.0,0.0005
2026-01-05 02:00:00,1767578408.0,0.0005
2026-01-05 03:00:00,1767582009.0,0.0005
2026-01-05 04:00:00,1767585608.0,0.0005
2026-01-05 05:00:00,1767589223.0,0.0005
2026-01-05 06:00:00,1767592808.0,0.0005
2026-01-05 07:00:00,1767596408.0,0.0005
2026-01-05 08:00:00,1767600009.0,0.0005
2026-01-05 09:00:00,1767603613.0,0.0005
2026-01-05 10:00:00,1767607208.0,0.0005
2026-01-05 11:00:00,1767610807.0,0.0005
2026-01-05 12:00:00,1767614408.0,0.0005
2026-01-05 13:00:00,1767618008.0,0.0005
2026-01-05 14:00:00,1767621608.0,0.0005
2026-01-05 15:00:00,1767625209.0,0.0005
2026-01-05 16:00:00,1767628809.0,0.0005
2026-01-05 17:00:00,1767632410.0,0.0005
2026-01-05 18:00:00,1767636009.0,0.0005
2026-01-05 19:00:00,1767639609.0,0.0005
2026-01-05 20:00:00,1767643207.0,0.0005
2026-01-05 21:00:00,1767646810.0,0.0005
2026-01-05 22:00:00,1767650426.0,0.0005
2026-01-05 23:00:00,1767654008.0,0.0005
2026-01-06 00:00:00,1767657612.0,0.0005
2026-01-06 01:00:00,1767661215.0,0.0005
2026-01-06 02:00:00,1767664808.0,0.0005
2026-01-06 03:00:00,1767668409.0,0.0005
2026-01-06 04:00:00,1767672010.0,0.0005
2026-01-06 05:00:00,1767675608.0,0.0005
2026-01-06 06:00:00,1767679211.0,0.0005
2026-01-06 07:00:00,1767682812.0,0.0005
2026-01-06 08:00:00,1767686411.0,0.0005
2026-01-06 09:00:00,1767690010.0,0.0005
2026-01-06 10:00:00,1767693608.0,0.0005
2026-01-06 11:00:00,1767697213.0,0.0005
2026-01-06 12:00:00,1767700809.0,0.0005
2026-01-06 13:00:00,1767704410.0,0.0005
2026-01-06 14:00:00,1767708008.0,0.0005
2026-01-06 15:00:00,1767711614.0,0.0005
2026-01-06 16:00:00,1767715209.0,0.0005
2026-01-06 17:00:00,1767718809.0,0.0005
2026-01-06 18:00:00,1767722409.0,0.0005
2026-01-06 19:00:00,1767726009.0,0.0005
2026-01-06 20:00:00,1767729609.0,0.0005
2026-01-06 21:00:00,1767733208.0,0.0005
2026-01-06 22:00:00,1767736809.0,0.0005
2026-01-06 23:00:00,1767740410.0,0.0005
2026-01-07 00:00:00,1767744010.0,0.0005
2026-01-07 01:00:00,1767747609.0,0.0005
2026-01-07 02:00:00,1767751209.0,0.0005
2026-01-07 03:00:00,1767754810.0,0.0005
2026-01-07 04:00:00,1767758409.0,0.0005
2026-01-07 05:00:00,1767762009.0,0.0005
2026-01-07 06:00:00,1767765613.0,0.0005
2026-01-07 07:00:00,1767769209.0,0.0005
2026-01-07 08:00:00,1767772810.0,0.0005
2026-01-07 09:00:00,1767776409.0,0.0005
2026-01-07 10:00:00,1767780014.0,0.0005
2026-01-07 11:00:00,1767783608.0,0.0005
2026-01-07 12:00:00,1767787214.0,0.0005
2026-01-07 13:00:00,1767790808.0,0.0005
2026-01-07 14:00:00,1767794408.0,0.0005
2026-01-07 15:00:00,1767798011.0,0.0005
2026-01-07 16:00:00,1767801609.0,0.0005
2026-01-07 17:00:00,1767805210.0,0.0005
2026-01-07 18:00:00,1767808808.0,0.0005
2026-01-07 19:00:00,1767812410.0,0.0005
2026-01-07 20:00:00,1767816009.0,0.0005
2026-01-07 21:00:00,1767819615.0,0.0005
2026-01-07 22:00:00,1767823213.0,0.0005
2026-01-07 23:00:00,1767826809.0,0.0005
2026-01-08 00:00:00,1767830425.0,0.0005
2026-01-08 01:00:00,1767834022.0,0.0005
2026-01-08 02:00:00,1767837609.0,0.0005
2026-01-08 03:00:00,1767841209.0,0.0005
2026-01-08 04:00:00,1767844809.0,0.0005
2026-01-08 05:00:00,1767848409.0,0.0005
2026-01-08 06:00:00,1767852009.0,0.0005
2026-01-08 07:00:00,1767855609.0,0.0005
2026-01-08 08:00:00,1767859220.0,0.0005
2026-01-08 09:00:00,1767862809.0,0.0005
2026-01-08 10:00:00,1767866411.0,0.0005
2026-01-08 11:00:00,1767870009.0,0.0005
2026-01-08 12:00:00,1767873612.0,0.0005
2026-01-08 13:00:00,1767877208.0,0.0005
2026-01-08 14:00:00,1767880813.0,0.0005
2026-01-08 15:00:00,1767884409.0,0.0005
2026-01-08 16:00:00,1767888024.0,0.0005
2026-01-08 17:00:00,1767891612.0,0.0005
2026-01-08 18:00:00,1767895209.0,0.0005
2026-01-08 19:00:00,1767898810.0,0.0005
2026-01-08 20:00:00,1767902409.0,0.0005
2026-01-08 21:00:00,1767906010.0,0.0005
2026-01-08 22:00:00,1767909611.0,0.0005
2026-01-08 23:00:00,1767913211.0,0.0005
2026-01-09 00:00:00,1767916810.0,0.0005
2026-01-09 01:00:00,1767920410.0,0.0005
2026-01-09 02:00:00,1767924010.0,0.0005
2026-01-09 03:00:00,1767927611.0,0.0005
2026-01-09 04:00:00,1767931210.0,0.0005
2026-01-09 05:00:00,1767934810.0,0.0005
2026-01-09 06:00:00,1767938411.0,0.0005
2026-01-09 07:00:00,1767942009.0,0.0005
2026-01-09 08:00:00,1767945610.0,0.0005
2026-01-09 09:00:00,1767949210.0,0.0005
2026-01-09 10:00:00,1767952811.0,0.0005
2026-01-09 11:00:00,1767956410.0,0.0005
2026-01-09 12:00:00,1767960024.0,0.0005
2026-01-09 13:00:00,1767963610.0,0.0005
2026-01-09 14:00:00,1767967210.0,0.0005
2026-01-09 15:00:00,1767970810.0,0.0005
2026-01-09 16:00:00,1767974412.0,0.0005
2026-01-09 17:00:00,1767978011.0,0.001
2026-01-09 18:00:00,1767981612.0,0.0005
2026-01-09 19:00:00,1767985212.0,0.0005
2026-01-09 20:00:00,1767988814.0,0.0005
2026-01-09 21:00:00,1767992411.0,0.0005
2026-01-09 22:00:00,1767996012.0,0.001
2026-01-09 23:00:00,1767999610.0,0.0005
2026-01-10 00:00:00,1768003211.0,0.0005
2026-01-10 01:00:00,1768006811.0,0.0005
2026-01-10 02:00:00,1768010409.0,0.0005
2026-01-10 03:00:00,1768014010.0,0.0005
2026-01-10 04:00:00,1768017609.0,0.0005
2026-01-10 05:00:00,1768021209.0,0.0005
2026-01-10 06:00:00,1768024811.0,0.0005
2026-01-10 07:00:00,1768028409.0,0.0005
2026-01-10 08:00:00,1768032024.0,0.0005
2026-01-10 09:00:00,1768035612.0,0.0005
2026-01-10 10:00:00,1768039210.0,0.0005
2026-01-10 11:00:00,1768042811.0,0.0015
2026-01-10 12:00:00,1768046410.0,0.0015
2026-01-10 13:00:00,1768050011.0,0.001
2026-01-10 14:00:00,1768053614.0,0.0005
2026-01-10 15:00:00,1768057211.0,0.0005
2026-01-10 16:00:00,1768060822.0,0.0005
2026-01-10 17:00:00,1768064411.0,0.0005
2026-01-10 18:00:00,1768068012.0,0.0005
2026-01-10 19:00:00,1768071610.0,0.0005
2026-01-10 20:00:00,1768075209.0,0.0005
2026-01-10 21:00:00,1768078814.0,0.0005
2026-01-10 22:00:00,1768082411.0,0.0005
2026-01-10 23:00:00,1768086012.0,0.0005
2026-01-11 00:00:00,1768089610.0,0.0005
2026-01-11 01:00:00,1768093211.0,0.0005
2026-01-11 02:00:00,1768096824.0,0.0005
2026-01-11 03:00:00,1768100410.0,0.0005
2026-01-11 04:00:00,1768104012.0,0.0005
2026-01-11 05:00:00,1768107608.0,0.0005
2026-01-11 06:00:00,1768111210.0,0.0005
2026-01-11 07:00:00,1768114811.0,0.0005
2026-01-11 08:00:00,1768118410.0,0.0005
2026-01-11 09:00:00,1768122009.0,0.0005
2026-01-11 10:00:00,1768125608.0,0.0005
2026-01-11 11:00:00,1768129211.0,0.0005
2026-01-11 12:00:00,1768132810.0,0.0005
2026-01-11 13:00:00,1768136410.0,0.0005
2026-01-11 14:00:00,1768140009.0,0.0005
2026-01-11 15:00:00,1768143611.0,0.0005
2026-01-11 16:00:00,1768147209.0,0.0005
2026-01-11 17:00:00,1768150810.0,0.0005
2026-01-11 18:00:00,1768154410.0,0.0005
2026-01-11 19:00:00,1768158011.0,0.0005
2026-01-11 20:00:00,1768161610.0,0.0005
2026-01-11 21:00:00,1768165229.0,0.0005
2026-01-11 22:00:00,1768168811.0,0.0005
2026-01-11 23:00:00,1768172410.0,0.0005
2026-01-12 00:00:00,1768176012.0,0.0005
2026-01-12 01:00:00,1768179610.0,0.0005
2026-01-12 02:00:00,1768183220.0,0.0005
2026-01-12 03:00:00,1768186825.0,0.0005
2026-01-12 04:00:00,1768190409.0,0.0005
2026-01-12 05:00:00,1768194010.0,0.0005
2026-01-12 06:00:00,1768197609.0,0.0005
2026-01-12 07:00:00,1768201211.0,0.0005
2026-01-12 08:00:00,1768204811.0,0.0005
2026-01-12 09:00:00,1768208410.0,0.0005
2026-01-12 10:00:00,1768212009.0,0.0005
2026-01-12 11:00:00,1768215620.0,0.0005
2026-01-12 12:00:00,1768219215.0,0.0005
2026-01-12 13:00:00,1768222811.0,0.0005
2026-01-12 14:00:00,1768226409.0,0.0005
2026-01-12 15:00:00,1768230010.0,0.0005
2026-01-12 16:00:00,1768233609.0,0.0005
2026-01-12 17:00:00,1768237209.0,0.0005
2026-01-12 18:00:00,1768240837.0,0.0005
2026-01-12 19:00:00,1768244410.0,0.0005
2026-01-12 20:00:00,1768248011.0,0.0005
2026-01-12 21:00:00,1768251612.0,0.0005
2026-01-12 22:00:00,1768255238.0,0.0005
2026-01-12 23:00:00,1768258815.0,0.0005
2026-01-13 00:00:00,1768262412.0,0.0005
2026-01-13 01:00:00,1768266085.0,0.0005
2026-01-13 02:00:00,1768269610.0,0.0005
2026-01-13 03:00:00,1768273212.0,0.0005
2026-01-13 04:00:00,1768276810.0,0.0005
2026-01-13 05:00:00,1768280410.0,0.0005
2026-01-13 06:00:00,1768284011.0,0.0005
2026-01-13 07:00:00,1768287614.0,0.0005
2026-01-13 08:00:00,1768291223.0,0.0005
2026-01-13 09:00:00,1768294813.0,0.0005
2026-01-13 10:00:00,1768298411.0,0.0005
2026-01-13 11:00:00,1768302011.0,0.0005
2026-01-13 12:00:00,1768305613.0,0.0005
2026-01-13 13:00:00,1768309255.0,0.0005
2026-01-13 14:00:00,1768312825.0,0.0005
2026-01-13 15:00:00,1768316411.0,0.0005
2026-01-13 16:00:00,1768320011.0,0.0005
2026-01-13 17:00:00,1768323611.0,0.0005
2026-01-13 18:00:00,1768327211.0,0.0005
2026-01-13 19:00:00,1768330841.0,0.0005
2026-01-13 20:00:00,1768334411.0,0.0005
2026-01-13 21:00:00,1768338011.0,0.0005
2026-01-13 22:00:00,1768341610.0,0.0005
2026-01-13 23:00:00,1768345212.0,0.0005
2026-01-14 00:00:00,1768348811.0,0.0005
2026-01-14 01:00:00,1768352411.0,0.001
2026-01-14 02:00:00,1768356012.0,0.0005
2026-01-14 03:00:00,1768359611.0,0.0005
2026-01-14 04:00:00,1768363211.0,0.0005
2026-01-14 05:00:00,1768366811.0,0.0005
2026-01-14 06:00:00,1768370410.0,0.0005
2026-01-14 07:00:00,1768374011.0,0.0005
2026-01-14 08:00:00,1768377626.0,0.0005
2026-01-14 09:00:00,1768381211.0,0.0005
2026-01-14 10:00:00,1768384810.0,0.0005
2026-01-14 11:00:00,1768388410.0,0.0005
2026-01-14 12:00:00,1768392011.0,0.0005
2026-01-14 13:00:00,1768395611.0,0.0005
2026-01-14 14:00:00,1768399210.0,0.0005
2026-01-14 15:00:00,1768402813.0,0.0005
2026-01-14 16:00:00,1768406424.0,0.0005
2026-01-14 17:00:00,1768410013.0,0.0005
2026-01-14 18:00:00,1768413612.0,0.0005
2026-01-14 19:00:00,1768417211.0,0.0005
2026-01-14 20:00:00,1768420811.0,0.0005
2026-01-14 21:00:00,1768424413.0,0.0005
2026-01-14 22:00:00,1768428012.0,0.0005
2026-01-14 23:00:00,1768431612.0,0.0005
2026-01-15 00:00:00,1768435212.0,0.0005
2026-01-15 01:00:00,1768438810.0,0.0005
2026-01-15 02:00:00,1768442411.0,0.0005
2026-01-15 03:00:00,1768446012.0,0.0005
2026-01-15 04:00:00,1768449612.0,0.0005
2026-01-15 05:00:00,1768453211.0,0.0005
2026-01-15 06:00:00,1768456810.0,0.0005
2026-01-15 07:00:00,1768460411.0,0.0005
2026-01-15 08:00:00,1768464010.0,0.0005
2026-01-15 09:00:00,1768467611.0,0.0005
2026-01-15 10:00:00,1768471211.0,0.0005
2026-01-15 11:00:00,1768474811.0,0.0005
2026-01-15 12:00:00,1768478411.0,0.0005
2026-01-15 13:00:00,1768482012.0,0.0005
2026-01-15 14:00:00,1768485611.0,0.0005
2026-01-15 15:00:00,1768489211.0,0.0005
2026-01-15 16:00:00,1768492811.0,0.0005
2026-01-15 17:00:00,1768496413.0,0.0005
2026-01-15 18:00:00,1768500014.0,0.0005
2026-01-15 19:00:00,1768503614.0,0.0005
2026-01-15 20:00:00,1768507213.0,0.0005
2026-01-15 21:00:00,1768510814.0,0.0005
2026-01-15 22:00:00,1768514412.0,0.0005
2026-01-15 23:00:00,1768518013.0,0.0005
2026-01-16 00:00:00,1768521613.0,0.0005
2026-01-16 01:00:00,1768525213.0,0.0005
2026-01-16 02:00:00,1768528813.0,0.0005
2026-01-16 03:00:00,1768532413.0,0.0005
2026-01-16 04:00:00,1768536012.0,0.0005
2026-01-16 05:00:00,1768539611.0,0.0005
2026-01-16 06:00:00,1768543212.0,0.0005
2026-01-16 07:00:00,1768546811.0,0.0005
2026-01-16 08:00:00,1768550412.0,0.0005
2026-01-16 09:00:00,1768554011.0,0.0005
2026-01-16 10:00:00,1768557611.0,0.0005
2026-01-16 11:00:00,1768561210.0,0.0005
2026-01-16 12:00:00,1768564812.0,0.0005
2026-01-16 13:00:00,1768568412.0,0.0005
2026-01-16 14:00:00,1768572011.0,0.0005
2026-01-16 15:00:00,1768575611.0,0.0005
2026-01-16 16:00:00,1768579211.0,0.0005
2026-01-16 17:00:00,1768582812.0,0.0005
2026-01-16 18:00:00,1768586412.0,0.0005
2026-01-16 19:00:00,1768590012.0,0.0005
2026-01-16 20:00:00,1768593611.0,0.0005
2026-01-16 21:00:00,1768597212.0,0.0005
2026-01-16 22:00:00,1768600813.0,0.0005
2026-01-16 23:00:00,1768604412.0,0.0005
2026-01-17 00:00:00,1768608012.0,0.0005
2026-01-17 01:00:00,1768611612.0,0.0005
2026-01-17 02:00:00,1768615212.0,0.0005
2026-01-17 03:00:00,1768618813.0,0.0005
2026-01-17 04:00:00,1768622411.0,0.0005
2026-01-17 05:00:00,1768626012.0,0.0005
2026-01-17 06:00:00,1768629611.0,0.0005
2026-01-17 07:00:00,1768633213.0,0.0005
2026-01-17 08:00:00,1768636811.0,0.0005
2026-01-17 09:00:00,1768640412.0,0.0005
2026-01-17 10:00:00,1768644024.0,0.0005
2026-01-17 11:00:00,1768647611.0,0.0005
2026-01-17 12:00:00,1768651212.0,0.0005
2026-01-17 13:00:00,1768654812.0,0.0005
2026-01-17 14:00:00,1768658415.0,0.0005
2026-01-17 15:00:00,1768662013.0,0.0005
2026-01-17 16:00:00,1768665611.0,0.0005
2026-01-17 17:00:00,1768669223.0,0.0005
2026-01-17 18:00:00,1768672814.0,0.0005
2026-01-17 19:00:00,1768676411.0,0.0005
2026-01-17 20:00:00,1768680013.0,0.0005
2026-01-17 21:00:00,1768683624.0,0.0005
2026-01-17 22:00:00,1768687212.0,0.0005
2026-01-17 23:00:00,1768690812.0,0.0005
2026-01-18 00:00:00,1768694413.0,0.0005
2026-01-18 01:00:00,1768698011.0,0.0005
2026-01-18 02:00:00,1768701642.0,0.0005
2026-01-18 03:00:00,1768705211.0,0.0005
2026-01-18 04:00:00,1768708812.0,0.0005
2026-01-18 05:00:00,1768712422.0,0.0005
2026-01-18 06:00:00,1768716038.0,0.0005
2026-01-18 07:00:00,1768719610.0,0.0005
2026-01-18 08:00:00,1768723225.0,0.0005
2026-01-18 09:00:00,1768726810.0,0.0005
2026-01-18 10:00:00,1768730410.0,0.0005
2026-01-18 11:00:00,1768734013.0,0.0005
2026-01-18 12:00:00,1768737627.0,0.0005
2026-01-18 13:00:00,1768741224.0,0.0005
2026-01-18 14:00:00,1768744812.0,0.0005
2026-01-18 15:00:00,1768748410.0,0.0005
2026-01-18 16:00:00,1768752010.0,0.0005
2026-01-18 17:00:00,1768755626.0,0.0005
2026-01-18 18:00:00,1768759225.0,0.0005
2026-01-18 19:00:00,1768762811.0,0.0005
2026-01-18 20:00:00,1768766410.0,0.0005
2026-01-18 21:00:00,1768770010.0,0.0005
2026-01-18 22:00:00,1768773610.0,0.0005
2026-01-18 23:00:00,1768777211.0,0.0005
2026-01-19 00:00:00,1768780811.0,0.0005
2026-01-19 01:00:00,1768784506.0,0.0005
2026-01-19 02:00:00,1768788015.0,0.0005
2026-01-19 03:00:00,1768791610.0,0.0005
2026-01-19 04:00:00,1768795216.0,0.0005
2026-01-19 05:00:00,1768798821.0,0.0005
2026-01-19 06:00:00,1768802411.0,0.0005
2026-01-19 07:00:00,1768806022.0,0.0005
2026-01-19 08:00:00,1768809622.0,0.0005
2026-01-19 09:00:00,1768813210.0,0.0005
2026-01-19 10:00:00,1768816810.0,0.0005
2026-01-19 11:00:00,1768820421.0,0.0005
2026-01-19 12:00:00,1768824011.0,0.0005
2026-01-19 13:00:00,1768827610.0,0.0005
2026-01-19 14:00:00,1768831209.0,0.0005
2026-01-19 15:00:00,1768834810.0,0.0005
2026-01-19 16:00:00,1768838411.0,0.0005
2026-01-19 17:00:00,1768842022.0,0.0005
2026-01-19 18:00:00,1768845611.0,0.0005
2026-01-19 19:00:00,1768849212.0,0.0005
2026-01-19 20:00:00,1768852813.0,0.0005
2026-01-19 21:00:00,1768856412.0,0.0005
2026-01-19 22:00:00,1768860011.0,0.0005
2026-01-19 23:00:00,1768863613.0,0.0005
2026-01-20 00:00:00,1768867212.0,0.0005
2026-01-20 01:00:00,1768870811.0,0.0005
2026-01-20 02:00:00,1768874410.0,0.0005
2026-01-20 03:00:00,1768878026.0,0.0005
2026-01-20 04:00:00,1768881613.0,0.0005
2026-01-20 05:00:00,1768885225.0,0.0005
2026-01-20 06:00:00,1768888812.0,0.0005
2026-01-20 07:00:00,1768892411.0,0.0005
2026-01-20 08:00:00,1768896011.0,0.0005
2026-01-20 09:00:00,1768899610.0,0.0005
2026-01-20 10:00:00,1768903211.0,0.0005
2026-01-20 11:00:00,1768906811.0,0.0005
2026-01-20 12:00:00,1768910412.0,0.0005
2026-01-20 13:00:00,1768914011.0,0.0005
2026-01-20 14:00:00,1768917611.0,0.0005
2026-01-20 15:00:00,1768921211.0,0.0005
2026-01-20 16:00:00,1768924809.0,0.0005
2026-01-20 17:00:00,1768928410.0,0.0005
2026-01-20 18:00:00,1768932010.0,0.0005
2026-01-20 19:00:00,1768935610.0,0.0005
2026-01-20 20:00:00,1768939210.0,0.0005
2026-01-20 21:00:00,1768942828.0,0.0005
2026-01-20 22:00:00,1768946411.0,0.0005
2026-01-20 23:00:00,1768950010.0,0.0005
2026-01-21 00:00:00,1768953612.0,0.0005
2026-01-21 01:00:00,1768957210.0,0.0005
2026-01-21 02:00:00,1768960812.0,0.0005
2026-01-21 03:00:00,1768964411.0,0.0005
2026-01-21 04:00:00,1768968009.0,0.0005
2026-01-21 05:00:00,1768971610.0,0.0005
2026-01-21 06:00:00,1768975210.0,0.0005
2026-01-21 07:00:00,1768978811.0,0.0005
2026-01-21 08:00:00,1768982411.0,0.0005
2026-01-21 09:00:00,1768986014.0,0.0005
2026-01-21 10:00:00,1768989610.0,0.0005
2026-01-21 11:00:00,1768993210.0,0.0005
2026-01-21 12:00:00,1768996824.0,0.0005
2026-01-21 13:00:00,1769000410.0,0.0005
2026-01-21 14:00:00,1769004011.0,0.0005
2026-01-21 15:00:00,1769007611.0,0.0005
2026-01-21 16:00:00,1769011211.0,0.0005
2026-01-21 17:00:00,1769014812.0,0.0005
2026-01-21 18:00:00,1769018426.0,0.0005
2026-01-21 19:00:00,1769022024.0,0.0005
2026-01-21 20:00:00,1769025612.0,0.0005
2026-01-21 21:00:00,1769029239.0,0.0005
2026-01-21 22:00:00,1769032811.0,0.0005
2026-01-21 23:00:00,1769036413.0,0.0005
2026-01-22 00:00:00,1769040013.0,0.0005
2026-01-22 01:00:00,1769043611.0,0.0005
2026-01-22 02:00:00,1769047214.0,0.0005
2026-01-22 03:00:00,1769050812.0,0.0005
2026-01-22 04:00:00,1769054410.0,0.0005
2026-01-22 05:00:00,1769058010.0,0.0005
2026-01-22 06:00:00,1769061611.0,0.0005
2026-01-22 07:00:00,1769065211.0,0.0005
2026-01-22 08:00:00,1769068810.0,0.0005
2026-01-22 09:00:00,1769072411.0,0.0005
2026-01-22 10:00:00,1769076011.0,0.0005
2026-01-22 11:00:00,1769079610.0,0.0005
2026-01-22 12:00:00,1769083227.0,0.0005
2026-01-22 13:00:00,1769086811.0,0.0005
2026-01-22 14:00:00,1769090410.0,0.0005
2026-01-22 15:00:00,1769094013.0,0.0005
2026-01-22 16:00:00,1769097611.0,0.0005
2026-01-22 17:00:00,1769101212.0,0.0005
2026-01-22 18:00:00,1769104813.0,0.0005
2026-01-22 19:00:00,1769108411.0,0.0005
2026-01-22 20:00:00,1769112012.0,0.0005
2026-01-22 21:00:00,1769115613.0,0.0005
2026-01-22 22:00:00,1769119212.0,0.0005
2026-01-22 23:00:00,1769122812.0,0.0005
2026-01-23 00:00:00,1769126427.0,0.0005
2026-01-23 01:00:00,1769130011.0,0.0005
2026-01-23 02:00:00,1769133612.0,0.0005
2026-01-23 03:00:00,1769137216.0,0.0005
2026-01-23 04:00:00,1769140812.0,0.0005
2026-01-23 05:00:00,1769144410.0,0.0005
2026-01-23 06:00:00,1769148011.0,0.0005
2026-01-23 07:00:00,1769151611.0,0.0005
2026-01-23 08:00:00,1769155210.0,0.0005
2026-01-23 09:00:00,1769158812.0,0.0005
2026-01-23 10:00:00,1769162412.0,0.0005
2026-01-23 11:00:00,1769166012.0,0.0005
2026-01-23 12:00:00,1769169613.0,0.0005
2026-01-23 13:00:00,1769173210.0,0.0005
2026-01-23 14:00:00,1769176810.0,0.0005
2026-01-23 15:00:00,1769180411.0,0.0005
2026-01-23 16:00:00,1769184010.0,0.0005
2026-01-23 17:00:00,1769187625.0,0.0005
2026-01-23 18:00:00,1769191213.0,0.0005
2026-01-23 19:00:00,1769194813.0,0.0005
2026-01-23 20:00:00,1769198411.0,0.0005
2026-01-23 21:00:00,1769202012.0,0.0005
2026-01-23 22:00:00,1769205612.0,0.0005
2026-01-23 23:00:00,1769209213.0,0.0005
2026-01-24 00:00:00,1769212815.0,0.0005
2026-01-24 01:00:00,1769216413.0,0.0005
2026-01-24 02:00:00,1769220015.0,0.0005
2026-01-24 03:00:00,1769223614.0,0.0005
2026-01-24 04:00:00,1769227211.0,0.0005
2026-01-24 05:00:00,1769230830.0,0.0005
2026-01-24 06:00:00,1769234414.0,0.0005
2026-01-24 07:00:00,1769238011.0,0.0005
2026-01-24 08:00:00,1769241613.0,0.0005
2026-01-24 09:00:00,1769245213.0,0.0005
2026-01-24 10:00:00,1769248813.0,0.0005
2026-01-24 11:00:00,1769252413.0,0.0005
2026-01-24 12:00:00,1769256014.0,0.0005
2026-01-24 13:00:00,1769259611.0,0.0005
2026-01-24 14:00:00,1769263218.0,0.0005
2026-01-24 15:00:00,1769266817.0,0.0005
2026-01-24 16:00:00,1769270412.0,0.0005
2026-01-24 17:00:00,1769274014.0,0.0005
2026-01-24 18:00:00,1769277613.0,0.0005
2026-01-24 19:00:00,1769281213.0,0.0005
2026-01-24 20:00:00,1769284811.0,0.0005
2026-01-24 21:00:00,1769288413.0,0.0005
2026-01-24 22:00:00,1769292011.0,0.0005
2026-01-24 23:00:00,1769295611.0,0.0005
2026-01-25 00:00:00,1769299229.0,0.0005
2026-01-25 01:00:00,1769302812.0,0.0005
2026-01-25 02:00:00,1769306411.0,0.0005
2026-01-25 03:00:00,1769310011.0,0.0005
2026-01-25 04:00:00,1769313610.0,0.0005
2026-01-25 05:00:00,1769317211.0,0.0005
2026-01-25 06:00:00,1769320810.0,0.0005
2026-01-25 07:00:00,1769324412.0,0.0005
2026-01-25 08:00:00,1769328011.0,0.0005
2026-01-25 09:00:00,1769331615.0,0.0005
2026-01-25 10:00:00,1769335214.0,0.0005
2026-01-25 11:00:00,1769338811.0,0.0005
2026-01-25 12:00:00,1769342417.0,0.0005
2026-01-25 13:00:00,1769346023.0,0.0005
2026-01-25 14:00:00,1769349611.0,0.0005
2026-01-25 15:00:00,1769353213.0,0.0005
2026-01-25 16:00:00,1769356813.0,0.0005
2026-01-25 17:00:00,1769360422.0,0.0005
2026-01-25 18:00:00,1769364014.0,0.0005
2026-01-25 19:00:00,1769367611.0,0.0005
2026-01-25 20:00:00,1769371211.0,0.0005
2026-01-25 21:00:00,1769374812.0,0.0005
2026-01-25 22:00:00,1769378412.0,0.0005
2026-01-25 23:00:00,1769382012.0,0.0005
2026-01-26 00:00:00,1769385626.0,0.0005
2026-01-26 01:00:00,1769389211.0,0.0005
2026-01-26 02:00:00,1769392812.0,0.0005
2026-01-26 03:00:00,1769396411.0,0.0005
2026-01-26 04:00:00,1769400011.0,0.0005
2026-01-26 05:00:00,1769403610.0,0.0005
2026-01-26 06:00:00,1769407212.0,0.0005
2026-01-26 07:00:00,1769410812.0,0.0005
2026-01-26 08:00:00,1769414411.0,0.0005
2026-01-26 09:00:00,1769418014.0,0.0005
2026-01-26 10:00:00,1769421610.0,0.0005
2026-01-26 11:00:00,1769425211.0,0.0005
2026-01-26 12:00:00,1769428814.0,0.0005
2026-01-26 13:00:00,1769432415.0,0.0005
2026-01-26 14:00:00,1769436011.0,0.0005
2026-01-26 15:00:00,1769439612.0,0.0005
2026-01-26 16:00:00,1769443212.0,0.0005
2026-01-26 17:00:00,1769446816.0,0.0005
2026-01-26 18:00:00,1769450413.0,0.0005
2026-01-26 19:00:00,1769454012.0,0.0005
2026-01-26 20:00:00,1769457612.0,0.0005
2026-01-26 21:00:00,1769461212.0,0.0005
2026-01-26 22:00:00,1769464812.0,0.0005
2026-01-26 23:00:00,1769468412.0,0.0005
2026-01-27 00:00:00,1769472023.0,0.0005
2026-01-27 01:00:00,1769475611.0,0.0005
2026-01-27 02:00:00,1769479211.0,0.0005
2026-01-27 03:00:00,1769482819.0,0.0005
2026-01-27 04:00:00,1769486412.0,0.0005
2026-01-27 05:00:00,1769490011.0,0.0005
2026-01-27 06:00:00,1769493611.0,0.0005
2026-01-27 07:00:00,1769497218.0,0.0005
2026-01-27 08:00:00,1769500811.0,0.0005
2026-01-27 09:00:00,1769504413.0,0.0005
2026-01-27 10:00:00,1769508020.0,0.0005
2026-01-27 11:00:00,1769511612.0,0.0005
2026-01-27 12:00:00,1769515213.0,0.0005
2026-01-27 13:00:00,1769518825.0,0.0005
2026-01-27 14:00:00,1769522412.0,0.0005
2026-01-27 15:00:00,1769526012.0,0.0005
2026-01-27 16:00:00,1769529611.0,0.0005
2026-01-27 17:00:00,1769533212.0,0.0005
2026-01-27 18:00:00,1769536812.0,0.0005
2026-01-27 19:00:00,1769540413.0,0.0005
2026-01-27 20:00:00,1769544011.0,0.0005
2026-01-27 21:00:00,1769547612.0,0.0005
2026-01-27 22:00:00,1769551211.0,0.0005
2026-01-27 23:00:00,1769554813.0,0.0005
2026-01-28 00:00:00,1769558414.0,0.0005
2026-01-28 01:00:00,1769562013.0,0.0005
2026-01-28 02:00:00,1769565612.0,0.0005
2026-01-28 03:00:00,1769569212.0,0.0005
2026-01-28 04:00:00,1769572814.0,0.0005
2026-01-28 05:00:00,1769576411.0,0.0005
2026-01-28 06:00:00,1769580011.0,0.0005
2026-01-28 07:00:00,1769583612.0,0.0005
2026-01-28 08:00:00,1769587212.0,0.0005
2026-01-28 09:00:00,1769590813.0,0.0005
2026-01-28 10:00:00,1769594418.0,0.0005
2026-01-28 11:00:00,1769598012.0,0.0005
2026-01-28 12:00:00,1769601614.0,0.0005
2026-01-28 13:00:00,1769605214.0,0.0005
2026-01-28 14:00:00,1769608812.0,0.0005
2026-01-28 15:00:00,1769612412.0,0.0005
2026-01-28 16:00:00,1769616012.0,0.0005
2026-01-28 17:00:00,1769619612.0,0.0005
2026-01-28 18:00:00,1769623214.0,0.0005
2026-01-28 19:00:00,1769626812.0,0.0005
2026-01-28 20:00:00,1769630413.0,0.0005
2026-01-28 21:00:00,1769634012.0,0.0005
2026-01-28 22:00:00,1769637613.0,0.0005
2026-01-28 23:00:00,1769641213.0,0.0005
2026-01-29 00:00:00,1769644829.0,0.0005
2026-01-29 01:00:00,1769648413.0,0.0005
2026-01-29 02:00:00,1769652012.0,0.0005
2026-01-29 03:00:00,1769655616.0,0.0005
2026-01-29 04:00:00,1769659213.0,0.0005
2026-01-29 05:00:00,1769662812.0,0.0005
2026-01-29 06:00:00,1769666412.0,0.0005
2026-01-29 07:00:00,1769670013.0,0.0005
2026-01-29 08:00:00,1769673613.0,0.0005
2026-01-29 09:00:00,1769677214.0,0.0005
2026-01-29 10:00:00,1769680814.0,0.0005
2026-01-29 11:00:00,1769684414.0,0.0005
2026-01-29 12:00:00,1769688015.0,0.0005
2026-01-29 13:00:00,1769691613.0,0.0005
2026-01-29 14:00:00,1769695213.0,0.0005
2026-01-29 15:00:00,1769698813.0,0.0005
2026-01-29 16:00:00,1769702413.0,0.0005
2026-01-29 17:00:00,1769706013.0,0.0005
2026-01-29 18:00:00,1769709614.0,0.0005
2026-01-29 19:00:00,1769713213.0,0.0005
2026-01-29 20:00:00,1769716824.0,0.0005
2026-01-29 21:00:00,1769720416.0,0.0005
2026-01-29 22:00:00,1769724014.0,0.0005
2026-01-29 23:00:00,1769727613.0,0.0005
2026-01-30 00:00:00,1769731215.0,0.0005
2026-01-30 01:00:00,1769734813.0,0.0005
2026-01-30 02:00:00,1769738414.0,0.0005
2026-01-30 03:00:00,1769742014.0,0.0005
2026-01-30 04:00:00,1769745613.0,0.0005
2026-01-30 05:00:00,1769749213.0,0.0005
2026-01-30 06:00:00,1769752813.0,0.0005
2026-01-30 07:00:00,1769756413.0,0.0005
2026-01-30 08:00:00,1769760013.0,0.0005
2026-01-30 09:00:00,1769763614.0,0.0005
2026-01-30 10:00:00,1769767212.0,0.0005
2026-01-30 11:00:00,1769770815.0,0.0005
2026-01-30 12:00:00,1769774417.0,0.0005
2026-01-30 13:00:00,1769778013.0,0.0005
2026-01-30 14:00:00,1769781613.0,0.0005
2026-01-30 15:00:00,1769785214.0,0.0005
2026-01-30 16:00:00,1769788814.0,0.0005
2026-01-30 17:00:00,1769792414.0,0.0005
2026-01-30 18:00:00,1769796014.0,0.0005
2026-01-30 19:00:00,1769799614.0,0.0005
2026-01-30 20:00:00,1769803213.0,0.0005
2026-01-30 21:00:00,1769806814.0,0.0005
2026-01-30 22:00:00,1769810415.0,0.0005
2026-01-30 23:00:00,1769814013.0,0.0005
2026-01-31 00:00:00,1769817615.0,0.0005
2026-01-31 01:00:00,1769821213.0,0.0005
2026-01-31 02:00:00,1769824814.0,0.0005
2026-01-31 03:00:00,1769828414.0,0.0005
2026-01-31 04:00:00,1769832013.0,0.0005
2026-01-31 05:00:00,1769835613.0,0.0005
2026-01-31 06:00:00,1769839214.0,0.0005
2026-01-31 07:00:00,1769842813.0,0.0005
2026-01-31 08:00:00,1769846414.0,0.0005
2026-01-31 09:00:00,1769850016.0,0.0005
2026-01-31 10:00:00,1769853614.0,0.0005
2026-01-31 11:00:00,1769857213.0,0.0005
2026-01-31 12:00:00,1769860816.0,0.0005
2026-01-31 13:00:00,1769864414.0,0.0005
2026-01-31 14:00:00,1769868014.0,0.0005
2026-01-31 15:00:00,1769871616.0,0.0005
2026-01-31 16:00:00,1769875214.0,0.0005
2026-01-31 17:00:00,1769878815.0,0.0005
2026-01-31 18:00:00,1769882417.0,0.0005
2026-01-31 19:00:00,1769886014.0,0.0005
2026-01-31 20:00:00,1769889614.0,0.0005
2026-01-31 21:00:00,1769893230.0,0.0005
2026-01-31 22:00:00,1769896816.0,0.0005
2026-01-31 23:00:00,1769900414.0,0.0005
2026-02-01 00:00:00,1769904018.0,0.0005
2026-02-01 01:00:00,1769907750.0,0.0005
2026-02-01 02:00:00,1769911212.0,0.0005
2026-02-01 03:00:00,1769914814.0,0.0005
